post_id,account_id,likes,comments,shares,saves,reach,hashtags_count
1001,ACC_0001,194,5,7,34,4327,7
1002,ACC_0002,449,10,21,68,7451,5
1003,ACC_0003,114,2,1,22,1639,8
1004,ACC_0004,91,0,7,0,2877,7
1005,ACC_0005,154,8,5,21,5350,9
1006,ACC_0006,149,3,4,23,2668,5
1007,ACC_0007,371,9,14,54,5018,8
1008,ACC_0008,18,1,0,3,1078,8
1009,ACC_0009,132,4,7,17,1900,7
1010,ACC_0010,101,2,3,12,2155,6
1011,ACC_0011,418,11,21,60,14307,6
1012,ACC_0012,49,6,2,3,762,8
1013,ACC_0013,111,1,7,24,4364,8
1014,ACC_0014,183,6,10,21,3997,9
1015,ACC_0015,333,10,15,48,5240,6
1016,ACC_0016,271,8,13,47,5981,8
1017,ACC_0017,138,1,4,18,4489,8
1018,ACC_0018,261,5,16,35,6267,14
1019,ACC_0019,120,9,5,24,8187,4
1020,ACC_0020,39,0,2,7,3345,2
1021,ACC_0021,303,0,12,52,3950,11
1022,ACC_0022,444,17,24,63,9965,12
1023,ACC_0023,1946,52,96,264,29461,6
1024,ACC_0024,78,2,2,11,4093,8
1025,ACC_0025,68,2,2,7,3610,8
1026,ACC_0026,392,9,27,51,4994,10
1027,ACC_0027,843,24,42,117,17491,4
1028,ACC_0028,170,5,8,29,4842,6
1029,ACC_0029,76,2,3,3,3605,13
1030,ACC_0030,0,5,18,52,8818,12
1031,ACC_0031,65,0,10,11,1555,5
1032,ACC_0032,253,0,16,36,5064,4
1033,ACC_0033,56,4,2,10,3493,8
1034,ACC_0034,836,21,40,132,12648,9
1035,ACC_0035,104,3,5,17,2063,6
1036,ACC_0036,607,22,31,78,10668,8
1037,ACC_0037,0,6,14,42,15570,5
1038,ACC_0038,12,0,0,2,623,6
1039,ACC_0039,927,21,47,151,17275,9
1040,ACC_0040,197,0,7,36,7200,7
1041,ACC_0041,332,9,13,44,7259,10
1042,ACC_0042,162,2,4,25,4726,10
1043,ACC_0043,36,1,2,10,2191,10
1044,ACC_0044,182,10,11,18,2994,2
1045,ACC_0045,796,17,36,120,11931,8
1046,ACC_0046,380,11,18,50,4926,5
1047,ACC_0047,114,1,4,13,1634,5
1048,ACC_0048,133,2,12,18,2230,10
1049,ACC_0049,109,1,8,12,3106,11
1050,ACC_0050,149,1,6,26,5481,10
1051,ACC_0051,166,3,9,27,3436,6
1052,ACC_0052,28,2,2,8,2301,8
1053,ACC_0053,336,12,14,47,5113,6
1054,ACC_0054,273,8,17,41,12214,9
1055,ACC_0055,154,5,8,23,4566,6
1056,ACC_0056,96,1,4,12,2577,5
1057,ACC_0057,179,3,10,21,2743,13
1058,ACC_0058,88,3,4,15,5256,6
1059,ACC_0059,89,0,3,18,2450,9
1060,ACC_0060,25,0,0,6,1249,10
1061,ACC_0061,387,8,18,59,6898,10
1062,ACC_0062,210,5,14,23,3588,6
1063,ACC_0063,222,13,9,38,3230,8
1064,ACC_0064,830,20,32,115,17503,6
1065,ACC_0065,305,9,12,42,5675,6
1066,ACC_0066,611,20,27,89,22054,8
1067,ACC_0067,46,1,1,3,3430,11
1068,ACC_0068,80,1,3,13,1217,5
1069,ACC_0069,112,3,7,20,3818,6
1070,ACC_0070,377,12,18,45,7438,6
1071,ACC_0071,222,11,12,38,7073,6
1072,ACC_0072,56,2,4,11,1464,2
1073,ACC_0073,171,0,12,29,5473,8
1074,ACC_0074,147,5,6,18,2483,8
1075,ACC_0075,283,8,13,50,5771,7
1076,ACC_0076,374,20,18,57,6971,2
1077,ACC_0077,98,2,7,17,5374,11
1078,ACC_0078,442,14,26,62,13229,7
1079,ACC_0079,20,0,1,0,649,11
1080,ACC_0080,424,16,14,69,5620,11
1081,ACC_0081,304,10,10,46,4974,8
1082,ACC_0082,208,6,11,23,3185,6
1083,ACC_0083,103,1,2,19,5072,6
1084,ACC_0084,217,8,11,41,3855,12
1085,ACC_0085,264,15,14,44,11942,7
1086,ACC_0086,549,16,34,76,17769,3
1087,ACC_0087,154,6,9,20,4757,9
1088,ACC_0088,236,6,9,35,7666,10
1089,ACC_0089,77,1,6,13,2424,3
1090,ACC_0090,102,0,5,15,3248,7
1091,ACC_0091,859,28,33,132,18959,12
1092,ACC_0092,266,8,12,42,3456,9
1093,ACC_0093,198,6,7,17,10770,9
1094,ACC_0094,126,4,8,16,1644,9
1095,ACC_0095,103,4,5,12,1815,9
1096,ACC_0096,96,3,6,15,4596,10
1097,ACC_0097,194,0,4,22,2666,5
1098,ACC_0098,49,0,2,11,2529,8
1099,ACC_0099,86,1,5,13,5064,13
1100,ACC_0100,57,0,3,6,2926,10
1101,ACC_0101,58,1,1,10,4662,7
1102,ACC_0102,760,18,48,128,14564,2
1103,ACC_0103,270,0,9,37,3989,12
1104,ACC_0104,161,4,5,34,6335,8
1105,ACC_0105,78,1,4,0,1232,8
1106,ACC_0106,266,10,10,0,5472,7
1107,ACC_0107,388,14,21,61,26032,2
1108,ACC_0108,38,2,1,5,3266,9
1109,ACC_0109,714,23,24,95,12067,6
1110,ACC_0110,182,5,9,21,3552,7
1111,ACC_0111,111,3,6,15,2110,9
1112,ACC_0112,0,3,1,17,1957,9
1113,ACC_0113,409,15,27,75,10574,7
1114,ACC_0114,666,11,36,96,9733,7
1115,ACC_0115,92,3,3,23,5488,11
1116,ACC_0116,118,5,4,18,3701,8
1117,ACC_0117,625,20,33,98,8958,9
1118,ACC_0118,237,9,9,37,4622,7
1119,ACC_0119,117,3,7,15,4645,10
1120,ACC_0120,20,0,1,4,1309,6
1121,ACC_0121,558,16,26,92,8359,5
1122,ACC_0122,191,9,10,24,2974,10
1123,ACC_0123,127,4,6,25,6432,8
1124,ACC_0124,164,5,8,26,4860,6
1125,ACC_0125,89,6,3,8,5619,11
1126,ACC_0126,129,4,7,16,5575,8
1127,ACC_0127,114,3,9,25,1452,10
1128,ACC_0128,155,4,7,21,2005,3
1129,ACC_0129,196,11,14,31,2945,11
1130,ACC_0130,158,4,10,15,5887,10
1131,ACC_0131,174,9,7,23,4343,6
1132,ACC_0132,854,26,34,115,19172,4
1133,ACC_0133,25,1,0,2,2120,8
1134,ACC_0134,680,18,18,102,14338,7
1135,ACC_0135,164,3,9,23,10093,13
1136,ACC_0136,256,6,12,38,5557,7
1137,ACC_0137,77,2,6,15,2312,8
1138,ACC_0138,321,8,15,60,6987,8
1139,ACC_0139,200,6,0,20,2903,12
1140,ACC_0140,47,4,3,12,1135,7
1141,ACC_0141,86,3,6,20,3631,6
1142,ACC_0142,57,1,5,8,3353,7
1143,ACC_0143,181,6,11,27,10017,2
1144,ACC_0144,385,7,18,58,5300,9
1145,ACC_0145,0,13,19,78,7035,8
1146,ACC_0146,325,13,15,43,7373,3
1147,ACC_0147,75,4,2,10,1737,6
1148,ACC_0148,947,31,47,140,11912,3
1149,ACC_0149,399,8,27,71,12911,12
1150,ACC_0150,81,3,6,15,4340,10
1151,ACC_0151,261,6,11,36,4576,13
1152,ACC_0152,585,14,0,72,8069,8
1153,ACC_0153,513,12,35,80,10342,11
1154,ACC_0154,211,6,12,37,9219,8
1155,ACC_0155,344,11,11,53,4640,6
1156,ACC_0156,194,5,6,37,10208,4
1157,ACC_0157,180,6,8,30,2642,9
1158,ACC_0158,455,8,21,59,9726,5
1159,ACC_0159,166,2,13,26,2886,16
1160,ACC_0160,399,9,22,62,11831,5
1161,ACC_0161,152,0,8,22,5182,8
1162,ACC_0162,217,8,16,33,4505,9
1163,ACC_0163,174,6,7,28,2388,7
1164,ACC_0164,539,20,31,92,10645,7
1165,ACC_0165,386,0,14,50,14020,7
1166,ACC_0166,103,5,4,13,2484,6
1167,ACC_0167,157,4,6,26,2242,11
1168,ACC_0168,61,2,2,7,2246,2
1169,ACC_0169,94,1,3,10,5665,6
1170,ACC_0170,95,4,4,12,3484,6
1171,ACC_0171,682,18,43,111,10411,7
1172,ACC_0172,46,1,4,0,3752,7
1173,ACC_0173,165,4,7,26,4405,10
1174,ACC_0174,181,5,11,20,5006,10
1175,ACC_0175,68,2,4,6,3033,12
1176,ACC_0176,105,1,5,10,1461,10
1177,ACC_0177,0,2,6,18,2696,16
1178,ACC_0178,121,5,5,16,2652,10
1179,ACC_0179,247,9,15,34,3360,5
1180,ACC_0180,36,1,0,9,2385,9
1181,ACC_0181,852,28,33,137,11702,9
1182,ACC_0182,335,9,14,49,5256,4
1183,ACC_0183,71,1,4,6,4949,6
1184,ACC_0184,290,5,13,43,4428,14
1185,ACC_0185,111,7,7,22,5594,10
1186,ACC_0186,1244,33,69,168,15848,8
1187,ACC_0187,173,8,7,21,4338,10
1188,ACC_0188,75,4,2,7,3265,11
1189,ACC_0189,48,1,3,7,1685,9
1190,ACC_0190,1852,61,89,327,41265,10
1191,ACC_0191,86,2,3,10,4530,5
1192,ACC_0192,68,2,1,9,1055,10
1193,ACC_0193,342,10,22,51,4853,6
1194,ACC_0194,75,1,8,8,1420,6
1195,ACC_0195,75,2,5,8,1585,10
1196,ACC_0196,757,37,43,0,12663,4
1197,ACC_0197,101,5,4,26,2585,10
1198,ACC_0198,77,3,3,16,2472,13
1199,ACC_0199,108,3,5,13,3834,9
1200,ACC_0200,306,8,15,53,3866,5
1201,ACC_0201,126,8,6,15,2885,8
1202,ACC_0202,199,6,11,27,6762,12
1203,ACC_0203,50,2,2,7,2098,10
1204,ACC_0204,104,0,3,12,1677,16
1205,ACC_0205,1348,46,71,226,18086,7
1206,ACC_0206,244,10,12,37,6089,5
1207,ACC_0207,46,1,3,6,2699,11
1208,ACC_0208,501,21,20,0,6373,5
1209,ACC_0209,222,5,13,38,4218,10
1210,ACC_0210,0,4,5,26,3066,4
1211,ACC_0211,104,3,5,17,3888,12
1212,ACC_0212,539,16,27,78,12912,8
1213,ACC_0213,410,6,23,60,7287,3
1214,ACC_0214,287,11,13,44,6421,6
1215,ACC_0215,339,8,20,46,8259,7
1216,ACC_0216,307,9,16,58,8502,7
1217,ACC_0217,384,3,27,72,10900,10
1218,ACC_0218,603,21,24,102,6262,12
1219,ACC_0219,574,17,30,65,10933,10
1220,ACC_0220,339,8,14,51,6157,8
1221,ACC_0221,148,0,11,18,8177,8
1222,ACC_0222,512,13,15,69,17181,8
1223,ACC_0223,304,13,12,55,8913,11
1224,ACC_0224,194,2,12,27,4775,8
1225,ACC_0225,66,3,3,10,2048,6
1226,ACC_0226,380,3,20,58,7648,12
1227,ACC_0227,174,7,9,32,5847,4
1228,ACC_0228,38,0,3,0,3706,6
1229,ACC_0229,308,7,22,48,4174,5
1230,ACC_0230,309,6,11,41,4587,9
1231,ACC_0231,64,4,2,7,3832,3
1232,ACC_0232,326,13,14,48,4970,10
1233,ACC_0233,190,9,14,27,4880,9
1234,ACC_0234,189,3,7,24,4479,4
1235,ACC_0235,488,14,26,74,7034,8
1236,ACC_0236,429,17,21,51,15424,8
1237,ACC_0237,101,4,3,10,7843,14
1238,ACC_0238,349,8,15,43,9594,7
1239,ACC_0239,267,5,6,43,7786,4
1240,ACC_0240,77,2,2,11,2669,13
1241,ACC_0241,54,1,4,7,922,10
1242,ACC_0242,150,3,3,34,5639,6
1243,ACC_0243,131,4,5,8,4346,7
1244,ACC_0244,2167,58,111,326,35562,9
1245,ACC_0245,321,9,15,47,4533,10
1246,ACC_0246,438,10,17,60,10221,10
1247,ACC_0247,332,10,17,47,4165,4
1248,ACC_0248,215,9,11,36,3362,6
1249,ACC_0249,172,7,9,25,2236,11
1250,ACC_0250,168,4,6,23,4578,12
1251,ACC_0251,1008,54,36,147,4789,11
1252,ACC_0252,462,11,9,68,26623,5
1253,ACC_0253,1379,46,71,183,22022,6
1254,ACC_0254,52,0,2,5,2922,5
1255,ACC_0255,225,7,6,0,4329,4
1256,ACC_0256,100,2,7,11,1963,9
1257,ACC_0257,13,0,1,1,1303,9
1258,ACC_0258,367,7,24,54,5932,14
1259,ACC_0259,46,1,3,13,1399,13
1260,ACC_0260,173,10,11,23,3875,5
1261,ACC_0261,149,5,5,26,3217,5
1262,ACC_0262,194,5,13,31,10793,5
1263,ACC_0263,53,1,6,1,1130,7
1264,ACC_0264,716,21,41,99,26425,4
1265,ACC_0265,413,12,31,65,6906,7
1266,ACC_0266,313,9,21,51,7635,12
1267,ACC_0267,120,1,3,21,4925,9
1268,ACC_0268,291,7,23,40,3828,12
1269,ACC_0269,201,7,17,46,5184,6
1270,ACC_0270,269,6,14,33,4061,6
1271,ACC_0271,62,2,6,13,1443,3
1272,ACC_0272,298,5,10,37,3916,10
1273,ACC_0273,136,5,7,16,2913,4
1274,ACC_0274,153,4,6,26,2200,8
1275,ACC_0275,435,14,31,62,6830,6
1276,ACC_0276,338,8,22,37,16568,6
1277,ACC_0277,38,1,2,9,1369,7
1278,ACC_0278,231,5,13,42,7374,8
1279,ACC_0279,191,6,13,32,3700,7
1280,ACC_0280,672,27,30,69,2873,6
1281,ACC_0281,190,5,9,34,2571,11
1282,ACC_0282,53,4,4,7,1128,5
1283,ACC_0283,62,4,1,11,5530,8
1284,ACC_0284,468,16,26,52,6313,10
1285,ACC_0285,272,9,0,0,6583,4
1286,ACC_0286,229,9,6,39,3872,11
1287,ACC_0287,65,1,5,12,3615,12
1288,ACC_0288,641,16,23,94,8204,11
1289,ACC_0289,169,9,13,21,2882,7
1290,ACC_0290,608,16,26,83,8599,11
1291,ACC_0291,312,8,8,37,12999,13
1292,ACC_0292,910,32,47,118,20041,8
1293,ACC_0293,93,2,4,12,1334,6
1294,ACC_0294,60,2,5,10,4479,6
1295,ACC_0295,204,7,12,30,6227,9
1296,ACC_0296,279,2,9,45,4999,16
1297,ACC_0297,629,16,37,94,15734,7
1298,ACC_0298,148,6,13,16,5713,10
1299,ACC_0299,73,2,6,19,3486,8
1300,ACC_0300,109,3,5,0,4072,11
1301,ACC_0301,194,7,15,42,2546,4
1302,ACC_0302,327,6,14,56,4450,7
1303,ACC_0303,123,2,0,22,2854,11
1304,ACC_0304,246,7,21,32,4579,8
1305,ACC_0305,129,3,5,21,9436,6
1306,ACC_0306,116,3,4,19,1989,7
1307,ACC_0307,412,15,12,67,11023,8
1308,ACC_0308,100,4,3,10,2187,2
1309,ACC_0309,589,17,29,89,23192,15
1310,ACC_0310,28,0,0,5,1379,9
1311,ACC_0311,13,0,1,1,1129,9
1312,ACC_0312,107,5,5,20,6324,5
1313,ACC_0313,84,2,5,13,6380,8
1314,ACC_0314,70,3,3,14,2141,6
1315,ACC_0315,79,3,8,16,2862,3
1316,ACC_0316,171,10,16,26,2631,5
1317,ACC_0317,791,21,32,121,18037,3
1318,ACC_0318,24,3,1,8,1606,9
1319,ACC_0319,462,10,20,71,9042,9
1320,ACC_0320,231,10,16,39,6335,7
1321,ACC_0321,593,17,37,0,7842,7
1322,ACC_0322,302,7,11,47,11636,9
1323,ACC_0323,108,2,7,16,4413,5
1324,ACC_0324,325,9,11,45,8998,4
1325,ACC_0325,261,8,15,39,5285,6
1326,ACC_0326,225,2,12,28,3208,10
1327,ACC_0327,73,0,3,8,4195,5
1328,ACC_0328,308,15,20,43,3979,16
1329,ACC_0329,679,15,24,108,8946,10
1330,ACC_0330,403,7,0,54,9776,4
1331,ACC_0331,267,8,12,47,3758,4
1332,ACC_0332,66,1,2,11,5350,6
1333,ACC_0333,62,4,4,14,2677,4
1334,ACC_0334,436,11,26,61,7732,4
1335,ACC_0335,105,3,5,17,8077,8
1336,ACC_0336,208,9,14,29,14510,7
1337,ACC_0337,204,8,5,30,5152,7
1338,ACC_0338,324,7,17,59,5729,9
1339,ACC_0339,380,14,26,54,8329,8
1340,ACC_0340,376,10,11,46,4738,11
1341,ACC_0341,985,18,43,153,23142,11
1342,ACC_0342,52,0,1,8,1691,7
1343,ACC_0343,297,10,23,39,3854,9
1344,ACC_0344,111,3,3,19,7310,10
1345,ACC_0345,23,1,3,0,1301,10
1346,ACC_0346,381,9,20,52,10922,10
1347,ACC_0347,153,5,8,29,7560,12
1348,ACC_0348,119,0,1,24,4150,4
1349,ACC_0349,101,3,7,14,2950,6
1350,ACC_0350,685,27,27,115,14336,6
1351,ACC_0351,188,5,6,33,5270,6
1352,ACC_0352,246,8,14,30,3746,11
1353,ACC_0353,223,9,8,30,3177,8
1354,ACC_0354,298,0,8,53,6669,5
1355,ACC_0355,131,3,4,26,8731,12
1356,ACC_0356,209,10,12,29,3486,6
1357,ACC_0357,119,6,9,23,1880,7
1358,ACC_0358,1582,46,83,267,20345,5
1359,ACC_0359,35,1,3,7,1352,10
1360,ACC_0360,71,1,5,12,2024,6
1361,ACC_0361,672,20,22,92,9021,6
1362,ACC_0362,423,14,13,0,7713,11
1363,ACC_0363,758,23,42,123,13633,6
1364,ACC_0364,277,2,18,38,3623,5
1365,ACC_0365,321,13,24,47,8587,7
1366,ACC_0366,614,18,38,82,9525,6
1367,ACC_0367,122,3,5,21,2596,9
1368,ACC_0368,226,11,7,35,12932,6
1369,ACC_0369,184,7,17,26,4103,7
1370,ACC_0370,278,9,15,36,4556,4
1371,ACC_0371,440,16,27,54,8064,9
1372,ACC_0372,193,5,7,36,9855,8
1373,ACC_0373,321,6,22,38,9955,5
1374,ACC_0374,307,10,20,45,5087,13
1375,ACC_0375,76,5,2,10,1379,8
1376,ACC_0376,432,16,20,62,6349,7
1377,ACC_0377,279,0,8,38,3750,7
1378,ACC_0378,334,8,15,56,5658,13
1379,ACC_0379,171,7,11,20,3866,8
1380,ACC_0380,249,8,15,44,4760,5
1381,ACC_0381,64,3,0,12,5026,9
1382,ACC_0382,75,2,5,12,4301,7
1383,ACC_0383,526,18,31,58,7016,4
1384,ACC_0384,357,13,12,45,5287,8
1385,ACC_0385,374,13,24,64,6028,6
1386,ACC_0386,322,15,14,46,6781,9
1387,ACC_0387,208,11,18,34,3081,9
1388,ACC_0388,339,13,15,51,7661,8
1389,ACC_0389,164,7,10,16,4354,5
1390,ACC_0390,67,3,1,11,6327,8
1391,ACC_0391,43,1,2,6,4246,9
1392,ACC_0392,48,2,6,7,627,5
1393,ACC_0393,138,5,3,16,2001,7
1394,ACC_0394,91,1,7,7,4724,8
1395,ACC_0395,323,0,5,51,9234,7
1396,ACC_0396,38,1,2,7,1753,6
1397,ACC_0397,520,14,33,60,34564,6
1398,ACC_0398,106,2,9,15,2048,8
1399,ACC_0399,689,23,48,108,20545,8
1400,ACC_0400,442,17,25,74,14137,7
1401,ACC_0401,378,13,22,64,8300,9
1402,ACC_0402,166,0,15,0,5690,7
1403,ACC_0403,452,9,17,86,9384,12
1404,ACC_0404,73,3,7,10,5188,9
1405,ACC_0405,64,3,2,10,3801,8
1406,ACC_0406,418,14,23,60,10037,9
1407,ACC_0407,275,7,15,33,5453,3
1408,ACC_0408,365,11,23,62,7142,5
1409,ACC_0409,296,6,13,39,5057,10
1410,ACC_0410,51,0,2,10,1376,7
1411,ACC_0411,344,12,23,55,7076,7
1412,ACC_0412,108,1,7,21,2521,8
1413,ACC_0413,184,3,6,31,10161,7
1414,ACC_0414,109,4,8,20,5909,9
1415,ACC_0415,301,14,16,47,7750,12
1416,ACC_0416,191,4,7,32,3693,10
1417,ACC_0417,227,0,13,38,3386,8
1418,ACC_0418,464,12,28,0,6197,9
1419,ACC_0419,476,8,23,68,7150,6
1420,ACC_0420,88,4,5,17,3054,9
1421,ACC_0421,401,9,20,73,5231,5
1422,ACC_0422,382,9,17,50,6911,5
1423,ACC_0423,133,3,5,12,4482,8
1424,ACC_0424,254,9,16,54,5365,8
1425,ACC_0425,43,2,3,10,3563,10
1426,ACC_0426,78,0,2,12,1211,8
1427,ACC_0427,190,5,14,38,4824,12
1428,ACC_0428,303,10,16,47,4918,7
1429,ACC_0429,249,6,27,39,1566,11
1430,ACC_0430,155,4,3,28,2485,6
1431,ACC_0431,549,21,27,78,2889,8
1432,ACC_0432,890,21,51,131,15650,4
1433,ACC_0433,178,11,0,22,6880,3
1434,ACC_0434,147,6,8,16,2803,15
1435,ACC_0435,584,0,30,63,8746,9
1436,ACC_0436,44,3,1,8,1701,12
1437,ACC_0437,71,3,5,12,4688,10
1438,ACC_0438,358,13,6,51,7377,7
1439,ACC_0439,1334,45,0,216,18178,9
1440,ACC_0440,253,11,12,47,3270,9
1441,ACC_0441,350,8,15,55,15208,14
1442,ACC_0442,147,3,4,20,9295,4
1443,ACC_0443,583,25,35,84,12571,3
1444,ACC_0444,37,1,0,4,1325,12
1445,ACC_0445,453,18,21,79,5674,10
1446,ACC_0446,33,0,1,2,1912,8
1447,ACC_0447,71,2,3,11,1942,9
1448,ACC_0448,825,23,34,107,10475,9
1449,ACC_0449,827,26,33,126,11193,9
1450,ACC_0450,115,4,6,19,1447,6
1451,ACC_0451,438,16,24,68,6901,9
1452,ACC_0452,120,5,6,19,4942,7
1453,ACC_0453,311,14,15,38,4589,8
1454,ACC_0454,140,5,5,14,2097,5
1455,ACC_0455,147,2,9,29,2919,8
1456,ACC_0456,1419,41,67,210,26040,7
1457,ACC_0457,713,26,31,102,8946,11
1458,ACC_0458,90,2,5,15,1744,4
1459,ACC_0459,0,5,9,29,3069,5
1460,ACC_0460,172,2,10,24,4325,13
1461,ACC_0461,425,12,18,54,8635,2
1462,ACC_0462,168,8,7,24,4254,8
1463,ACC_0463,209,7,0,29,2927,5
1464,ACC_0464,422,14,27,50,8015,7
1465,ACC_0465,134,4,12,21,1691,8
1466,ACC_0466,100,3,5,18,4356,11
1467,ACC_0467,426,9,19,74,9753,8
1468,ACC_0468,989,32,53,161,13195,4
1469,ACC_0469,69,3,3,10,3528,7
1470,ACC_0470,16,0,0,3,548,10
1471,ACC_0471,70,0,5,12,1118,5
1472,ACC_0472,679,24,44,91,9329,13
1473,ACC_0473,181,8,2,0,3108,8
1474,ACC_0474,111,3,5,17,4818,7
1475,ACC_0475,302,10,9,38,6942,7
1476,ACC_0476,681,19,36,98,8564,9
1477,ACC_0477,471,20,18,72,6064,6
1478,ACC_0478,155,5,7,32,5891,9
1479,ACC_0479,0,5,9,35,5066,13
1480,ACC_0480,267,7,10,0,4368,10
1481,ACC_0481,207,6,10,37,4446,6
1482,ACC_0482,142,0,5,27,6283,5
1483,ACC_0483,192,9,11,0,4515,6
1484,ACC_0484,335,9,18,58,6865,9
1485,ACC_0485,166,3,12,24,5540,8
1486,ACC_0486,153,10,8,26,3359,8
1487,ACC_0487,171,7,7,26,4298,5
1488,ACC_0488,0,5,8,36,4293,10
1489,ACC_0489,107,1,2,18,3980,5
1490,ACC_0490,265,12,17,38,5984,10
1491,ACC_0491,516,14,23,87,12589,6
1492,ACC_0492,227,9,15,39,3349,6
1493,ACC_0493,236,11,7,38,7558,12
1494,ACC_0494,372,7,17,48,9915,12
1495,ACC_0495,538,18,24,93,12366,6
1496,ACC_0496,167,5,6,25,3916,10
1497,ACC_0497,45,0,1,4,1234,7
1498,ACC_0498,86,0,4,12,2557,10
1499,ACC_0499,29,0,0,0,1540,10
1500,ACC_0500,238,9,9,0,4480,12
1501,ACC_0501,0,7,12,23,2910,10
1502,ACC_0502,46,4,4,7,2925,14
1503,ACC_0503,163,4,6,27,3827,11
1504,ACC_0504,954,25,65,138,13973,7
1505,ACC_0505,817,25,39,126,17516,7
1506,ACC_0506,144,6,3,21,4185,7
1507,ACC_0507,322,12,15,53,8432,9
1508,ACC_0508,75,1,3,15,5802,8
1509,ACC_0509,87,2,5,14,3311,12
1510,ACC_0510,205,9,9,29,2621,6
1511,ACC_0511,260,13,5,29,3503,10
1512,ACC_0512,73,4,2,12,6967,10
1513,ACC_0513,302,10,18,41,4330,5
1514,ACC_0514,138,6,10,17,5350,10
1515,ACC_0515,91,3,7,0,1338,10
1516,ACC_0516,103,1,9,14,6349,11
1517,ACC_0517,954,24,45,126,6543,9
1518,ACC_0518,80,2,7,10,1872,7
1519,ACC_0519,302,8,11,41,3850,8
1520,ACC_0520,111,5,7,15,3575,6
1521,ACC_0521,192,11,9,32,3852,11
1522,ACC_0522,256,5,12,32,4316,9
1523,ACC_0523,225,6,10,42,9668,12
1524,ACC_0524,228,5,11,27,3139,8
1525,ACC_0525,119,7,3,17,3813,6
1526,ACC_0526,365,8,22,42,11692,4
1527,ACC_0527,118,3,7,8,2776,5
1528,ACC_0528,169,10,5,29,4266,11
1529,ACC_0529,621,14,34,101,11623,16
1530,ACC_0530,796,18,27,135,10038,5
1531,ACC_0531,201,0,11,24,5102,14
1532,ACC_0532,190,3,11,30,3806,11
1533,ACC_0533,935,23,52,127,11738,4
1534,ACC_0534,104,2,5,11,3653,13
1535,ACC_0535,365,9,27,71,10655,4
1536,ACC_0536,296,8,13,34,9467,9
1537,ACC_0537,113,3,5,24,4097,7
1538,ACC_0538,134,4,6,22,5768,6
1539,ACC_0539,2472,81,99,312,12688,6
1540,ACC_0540,58,0,2,5,2423,7
1541,ACC_0541,60,4,2,12,867,5
1542,ACC_0542,289,3,13,43,4064,8
1543,ACC_0543,203,5,9,23,3249,14
1544,ACC_0544,289,10,20,47,12978,4
1545,ACC_0545,53,0,2,7,4806,7
1546,ACC_0546,409,16,17,60,10238,9
1547,ACC_0547,78,5,1,4,3780,10
1548,ACC_0548,78,2,0,16,2817,10
1549,ACC_0549,61,1,0,11,1080,9
1550,ACC_0550,345,6,16,47,4901,2
1551,ACC_0551,223,6,16,25,7953,11
1552,ACC_0552,495,12,21,68,8401,8
1553,ACC_0553,159,1,5,27,5380,5
1554,ACC_0554,182,8,8,27,5279,9
1555,ACC_0555,477,19,17,93,14244,8
1556,ACC_0556,176,9,12,27,3156,7
1557,ACC_0557,442,11,18,66,10198,6
1558,ACC_0558,136,3,5,20,6667,9
1559,ACC_0559,234,0,9,34,5934,4
1560,ACC_0560,424,9,25,72,12059,9
1561,ACC_0561,74,2,8,13,6773,5
1562,ACC_0562,149,4,6,18,2515,10
1563,ACC_0563,139,5,4,16,3267,9
1564,ACC_0564,281,7,10,32,4044,7
1565,ACC_0565,0,5,6,11,2786,4
1566,ACC_0566,167,2,7,26,3190,8
1567,ACC_0567,57,3,3,9,4259,12
1568,ACC_0568,81,2,3,17,2958,13
1569,ACC_0569,865,29,51,128,11846,5
1570,ACC_0570,234,10,11,46,4889,6
1571,ACC_0571,32,2,2,4,1156,3
1572,ACC_0572,180,6,10,24,4182,2
1573,ACC_0573,169,7,6,23,4383,6
1574,ACC_0574,729,20,45,106,9187,2
1575,ACC_0575,181,3,12,18,5788,11
1576,ACC_0576,75,2,1,11,2543,11
1577,ACC_0577,133,1,7,0,2210,9
1578,ACC_0578,310,11,20,36,4243,5
1579,ACC_0579,163,0,8,24,4070,8
1580,ACC_0580,462,24,33,96,5744,7
1581,ACC_0581,141,4,7,19,2676,6
1582,ACC_0582,221,6,12,29,5031,7
1583,ACC_0583,374,7,20,74,7074,12
1584,ACC_0584,105,3,7,14,3034,14
1585,ACC_0585,183,4,8,33,6653,5
1586,ACC_0586,190,5,6,35,5172,5
1587,ACC_0587,489,15,15,95,8863,5
1588,ACC_0588,649,19,38,95,8669,7
1589,ACC_0589,41,2,1,5,1809,4
1590,ACC_0590,209,0,7,31,9186,9
1591,ACC_0591,280,9,15,53,12402,12
1592,ACC_0592,220,8,9,42,3866,7
1593,ACC_0593,151,7,4,21,4673,4
1594,ACC_0594,55,0,2,10,3820,10
1595,ACC_0595,174,6,11,21,2820,4
1596,ACC_0596,436,9,19,74,5513,8
1597,ACC_0597,131,7,4,17,3068,9
1598,ACC_0598,72,0,3,0,1534,12
1599,ACC_0599,345,8,19,45,7548,9
1600,ACC_0600,515,19,25,72,6744,4
1601,ACC_0601,101,2,5,17,2566,13
1602,ACC_0602,54,2,4,3,1489,8
1603,ACC_0603,433,13,29,62,8273,6
1604,ACC_0604,302,4,13,38,4064,9
1605,ACC_0605,152,9,6,27,3675,7
1606,ACC_0606,94,6,3,20,1684,4
1607,ACC_0607,290,10,17,53,10152,12
1608,ACC_0608,50,2,2,5,1243,9
1609,ACC_0609,470,10,20,76,13201,9
1610,ACC_0610,0,3,4,27,1809,5
1611,ACC_0611,142,6,8,16,2813,9
1612,ACC_0612,103,2,3,10,3426,6
1613,ACC_0613,881,25,50,118,13653,15
1614,ACC_0614,108,1,8,22,3433,10
1615,ACC_0615,265,8,14,35,3561,7
1616,ACC_0616,119,6,5,26,1792,9
1617,ACC_0617,142,8,6,16,3207,5
1618,ACC_0618,272,6,6,0,8248,7
1619,ACC_0619,241,12,11,32,9851,8
1620,ACC_0620,125,4,7,24,7000,3
1621,ACC_0621,131,1,5,15,1869,4
1622,ACC_0622,371,16,18,49,12554,4
1623,ACC_0623,195,11,7,34,15681,9
1624,ACC_0624,501,13,30,68,13738,6
1625,ACC_0625,2172,72,84,303,9466,11
1626,ACC_0626,0,3,6,26,2129,8
1627,ACC_0627,94,3,5,15,4360,6
1628,ACC_0628,1102,27,49,155,16519,6
1629,ACC_0629,83,1,2,11,3820,4
1630,ACC_0630,467,14,21,0,9350,8
1631,ACC_0631,37,1,4,6,2713,9
1632,ACC_0632,0,7,4,10,10138,7
1633,ACC_0633,46,0,1,7,1425,8
1634,ACC_0634,181,0,9,24,3402,9
1635,ACC_0635,429,8,24,57,8603,7
1636,ACC_0636,647,14,31,110,9702,10
1637,ACC_0637,236,9,11,26,3650,6
1638,ACC_0638,169,5,7,22,3020,4
1639,ACC_0639,669,24,34,107,9604,8
1640,ACC_0640,132,4,5,19,2672,9
1641,ACC_0641,137,3,6,15,2170,8
1642,ACC_0642,226,7,12,35,6785,11
1643,ACC_0643,216,6,13,30,4244,5
1644,ACC_0644,145,0,4,14,5741,5
1645,ACC_0645,38,1,0,6,3730,20
1646,ACC_0646,151,7,7,23,3774,14
1647,ACC_0647,273,8,8,35,4933,9
1648,ACC_0648,115,3,6,20,3619,8
1649,ACC_0649,427,13,21,87,6612,8
1650,ACC_0650,391,19,0,56,15632,10
1651,ACC_0651,367,14,0,54,10200,8
1652,ACC_0652,45,0,1,4,2649,4
1653,ACC_0653,569,11,17,87,10254,10
1654,ACC_0654,616,16,35,93,9539,6
1655,ACC_0655,269,7,10,33,4826,6
1656,ACC_0656,133,4,10,21,2673,6
1657,ACC_0657,150,6,7,18,7667,5
1658,ACC_0658,59,0,3,0,5485,15
1659,ACC_0659,728,27,34,114,10838,8
1660,ACC_0660,0,29,35,98,9758,8
1661,ACC_0661,83,1,6,12,4228,4
1662,ACC_0662,131,0,4,14,2189,13
1663,ACC_0663,68,3,6,13,2759,14
1664,ACC_0664,114,1,12,0,4419,5
1665,ACC_0665,190,0,9,20,5216,10
1666,ACC_0666,256,7,8,34,4123,7
1667,ACC_0667,338,8,14,37,4718,6
1668,ACC_0668,315,14,23,55,11894,11
1669,ACC_0669,368,13,21,53,4972,7
1670,ACC_0670,166,4,10,32,3017,13
1671,ACC_0671,38,0,3,5,3726,8
1672,ACC_0672,326,9,9,39,5195,5
1673,ACC_0673,107,1,6,20,4927,6
1674,ACC_0674,0,7,16,32,19154,5
1675,ACC_0675,138,3,5,22,3283,12
1676,ACC_0676,312,12,10,40,6437,5
1677,ACC_0677,154,0,5,18,5030,8
1678,ACC_0678,160,8,7,29,7205,8
1679,ACC_0679,50,1,3,9,2535,9
1680,ACC_0680,382,12,16,0,6460,10
1681,ACC_0681,198,6,9,33,10528,7
1682,ACC_0682,94,5,4,18,1958,11
1683,ACC_0683,39,1,2,0,1576,5
1684,ACC_0684,227,3,7,40,5766,4
1685,ACC_0685,108,5,6,9,3189,9
1686,ACC_0686,756,14,37,128,10116,9
1687,ACC_0687,177,4,11,23,4724,8
1688,ACC_0688,645,17,29,109,9554,12
1689,ACC_0689,21,0,1,2,1627,12
1690,ACC_0690,66,2,8,14,2365,9
1691,ACC_0691,202,6,7,22,3259,3
1692,ACC_0692,377,15,12,55,6133,7
1693,ACC_0693,96,4,8,12,2094,5
1694,ACC_0694,236,5,19,35,3268,6
1695,ACC_0695,117,2,7,22,5027,11
1696,ACC_0696,114,7,1,25,2979,12
1697,ACC_0697,302,11,18,43,3905,10
1698,ACC_0698,1010,36,54,130,12957,5
1699,ACC_0699,290,8,20,42,3739,9
1700,ACC_0700,593,19,36,93,25789,9
1701,ACC_0701,407,13,17,67,5233,7
1702,ACC_0702,333,7,6,57,5078,12
1703,ACC_0703,1109,30,63,168,26088,8
1704,ACC_0704,319,7,19,56,4749,1
1705,ACC_0705,101,6,8,18,4117,3
1706,ACC_0706,132,3,4,19,2676,10
1707,ACC_0707,278,4,14,32,4529,7
1708,ACC_0708,441,18,16,67,5704,9
1709,ACC_0709,647,15,33,88,9142,9
1710,ACC_0710,120,1,9,19,3027,8
1711,ACC_0711,288,9,16,46,7508,5
1712,ACC_0712,243,10,17,46,8096,12
1713,ACC_0713,150,5,7,21,2140,3
1714,ACC_0714,62,1,3,8,3129,5
1715,ACC_0715,157,4,11,24,2194,9
1716,ACC_0716,447,16,25,66,7799,4
1717,ACC_0717,585,20,33,67,9678,11
1718,ACC_0718,247,8,15,41,6345,10
1719,ACC_0719,242,8,8,34,7442,6
1720,ACC_0720,343,11,13,38,7999,9
1721,ACC_0721,150,6,12,18,12200,7
1722,ACC_0722,87,5,8,9,2145,7
1723,ACC_0723,133,3,5,20,1730,11
1724,ACC_0724,54,1,1,9,2282,9
1725,ACC_0725,140,2,6,23,9887,6
1726,ACC_0726,361,11,27,60,5962,9
1727,ACC_0727,240,4,9,41,10766,6
1728,ACC_0728,105,4,5,21,2424,8
1729,ACC_0729,214,1,6,38,3154,4
1730,ACC_0730,269,6,16,51,6080,2
1731,ACC_0731,196,3,7,35,2908,8
1732,ACC_0732,326,11,16,51,10444,15
1733,ACC_0733,622,30,39,74,10030,4
1734,ACC_0734,330,12,15,63,3611,16
1735,ACC_0735,610,18,32,70,7683,3
1736,ACC_0736,128,3,7,20,5725,4
1737,ACC_0737,375,12,18,50,7231,5
1738,ACC_0738,870,17,51,129,13256,8
1739,ACC_0739,0,84,105,348,9750,10
1740,ACC_0740,106,3,5,16,2458,10
1741,ACC_0741,228,7,7,39,3576,8
1742,ACC_0742,102,0,5,15,4832,5
1743,ACC_0743,380,15,15,70,5886,9
1744,ACC_0744,102,3,5,13,3266,10
1745,ACC_0745,73,3,2,6,4303,10
1746,ACC_0746,312,9,16,51,4135,5
1747,ACC_0747,28,2,2,4,2619,6
1748,ACC_0748,1476,21,84,249,7487,11
1749,ACC_0749,61,0,5,12,5062,4
1750,ACC_0750,126,3,8,24,4836,7
1751,ACC_0751,537,17,28,78,18430,3
1752,ACC_0752,148,5,7,32,3446,11
1753,ACC_0753,1356,45,69,219,28764,7
1754,ACC_0754,167,5,12,16,4726,6
1755,ACC_0755,653,17,38,96,12198,11
1756,ACC_0756,214,4,10,40,4517,6
1757,ACC_0757,937,27,40,131,12133,18
1758,ACC_0758,706,22,24,115,9308,5
1759,ACC_0759,509,19,24,79,15811,11
1760,ACC_0760,391,17,20,44,5339,9
1761,ACC_0761,832,23,52,151,13914,5
1762,ACC_0762,73,2,5,14,3858,8
1763,ACC_0763,252,6,6,31,9456,6
1764,ACC_0764,531,16,0,102,13907,8
1765,ACC_0765,735,19,29,129,16228,4
1766,ACC_0766,223,8,19,32,4878,10
1767,ACC_0767,78,4,3,10,1544,5
1768,ACC_0768,653,25,32,104,8612,6
1769,ACC_0769,413,12,23,48,7558,3
1770,ACC_0770,517,17,29,87,7903,5
1771,ACC_0771,359,13,21,52,11691,10
1772,ACC_0772,285,10,10,42,12471,4
1773,ACC_0773,135,5,7,24,4091,12
1774,ACC_0774,184,3,7,30,3754,12
1775,ACC_0775,366,9,21,36,6310,2
1776,ACC_0776,163,3,9,30,7082,6
1777,ACC_0777,230,4,9,36,3511,7
1778,ACC_0778,482,17,25,85,11425,9
1779,ACC_0779,119,0,3,15,5974,7
1780,ACC_0780,441,10,24,82,10021,12
1781,ACC_0781,259,8,16,27,7396,4
1782,ACC_0782,121,3,7,21,9439,3
1783,ACC_0783,348,10,14,47,8348,4
1784,ACC_0784,120,0,5,16,2912,9
1785,ACC_0785,566,21,45,77,10665,9
1786,ACC_0786,321,15,16,40,6622,9
1787,ACC_0787,511,16,21,86,8232,14
1788,ACC_0788,526,12,35,81,7695,17
1789,ACC_0789,363,7,20,69,7835,6
1790,ACC_0790,236,10,16,45,3833,6
1791,ACC_0791,314,10,17,45,6145,12
1792,ACC_0792,90,0,3,11,3130,6
1793,ACC_0793,109,0,2,19,8261,5
1794,ACC_0794,122,3,3,17,6550,8
1795,ACC_0795,35,2,0,7,2656,8
1796,ACC_0796,130,3,4,25,4773,8
1797,ACC_0797,187,3,10,29,2620,6
1798,ACC_0798,155,3,7,17,3458,5
1799,ACC_0799,386,7,18,56,12539,8
1800,ACC_0800,196,3,10,31,2599,6
1801,ACC_0801,186,7,14,32,2580,14
1802,ACC_0802,373,8,23,73,5396,11
1803,ACC_0803,115,2,4,17,1527,11
1804,ACC_0804,1999,79,106,331,40067,5
1805,ACC_0805,168,6,9,28,2232,9
1806,ACC_0806,1060,31,65,177,14159,10
1807,ACC_0807,247,4,13,47,6994,8
1808,ACC_0808,894,27,49,143,18958,6
1809,ACC_0809,196,5,9,24,2529,8
1810,ACC_0810,46,1,4,8,661,9
1811,ACC_0811,378,8,21,51,5600,9
1812,ACC_0812,169,8,13,26,3769,6
1813,ACC_0813,215,5,11,42,3588,9
1814,ACC_0814,300,9,17,51,5968,7
1815,ACC_0815,222,6,11,23,11988,7
1816,ACC_0816,173,8,5,25,3929,6
1817,ACC_0817,30,1,0,1,1598,8
1818,ACC_0818,45,2,1,5,4273,7
1819,ACC_0819,659,0,35,96,8868,3
1820,ACC_0820,63,1,3,12,1260,4
1821,ACC_0821,115,3,6,11,3430,6
1822,ACC_0822,291,0,9,54,4092,3
1823,ACC_0823,104,6,4,16,2942,5
1824,ACC_0824,411,15,18,63,7051,4
1825,ACC_0825,353,13,23,60,4936,9
1826,ACC_0826,44,2,2,7,2143,12
1827,ACC_0827,61,2,3,9,2645,7
1828,ACC_0828,836,27,31,152,14546,7
1829,ACC_0829,139,0,8,21,9261,8
1830,ACC_0830,64,0,6,8,3914,4
1831,ACC_0831,83,1,6,17,2582,10
1832,ACC_0832,173,3,9,0,4190,11
1833,ACC_0833,67,0,7,0,2853,3
1834,ACC_0834,64,2,3,3,2899,3
1835,ACC_0835,216,3,7,31,3071,7
1836,ACC_0836,42,3,1,0,2881,11
1837,ACC_0837,261,5,9,35,4391,9
1838,ACC_0838,304,9,12,58,5364,4
1839,ACC_0839,50,2,3,10,1175,7
1840,ACC_0840,51,0,2,9,2712,9
1841,ACC_0841,183,4,10,26,2954,6
1842,ACC_0842,0,5,4,11,2221,7
1843,ACC_0843,157,8,7,28,2451,10
1844,ACC_0844,258,0,15,29,5991,5
1845,ACC_0845,442,13,20,66,6226,9
1846,ACC_0846,77,2,9,17,1279,9
1847,ACC_0847,246,9,5,39,14378,7
1848,ACC_0848,18,2,1,3,1518,11
1849,ACC_0849,220,8,9,25,5141,7
1850,ACC_0850,102,2,5,21,4911,7
1851,ACC_0851,544,17,29,90,9840,4
1852,ACC_0852,140,7,7,21,4938,9
1853,ACC_0853,481,15,22,76,12477,7
1854,ACC_0854,203,7,18,31,2637,10
1855,ACC_0855,266,6,11,47,8238,11
1856,ACC_0856,128,5,9,19,6260,13
1857,ACC_0857,0,10,14,31,12913,14
1858,ACC_0858,149,6,5,20,2516,13
1859,ACC_0859,713,20,38,103,11048,7
1860,ACC_0860,53,3,3,0,1831,6
1861,ACC_0861,201,6,15,27,2878,11
1862,ACC_0862,272,11,11,46,4530,9
1863,ACC_0863,691,34,33,101,36375,11
1864,ACC_0864,52,3,4,6,2293,7
1865,ACC_0865,193,2,11,30,6256,11
1866,ACC_0866,152,6,6,27,4695,4
1867,ACC_0867,361,12,25,65,4899,6
1868,ACC_0868,140,7,6,31,5944,7
1869,ACC_0869,47,1,3,7,3163,7
1870,ACC_0870,149,3,6,25,2065,4
1871,ACC_0871,145,10,4,15,2565,7
1872,ACC_0872,410,13,17,58,5248,9
1873,ACC_0873,127,0,7,21,2666,9
1874,ACC_0874,28,0,0,7,1538,6
1875,ACC_0875,572,16,30,103,8618,7
1876,ACC_0876,54,4,6,4,2650,6
1877,ACC_0877,165,4,6,33,4354,7
1878,ACC_0878,486,9,29,65,7660,4
1879,ACC_0879,275,10,16,49,15239,4
1880,ACC_0880,194,5,12,37,4437,6
1881,ACC_0881,38,1,1,8,1011,11
1882,ACC_0882,343,14,17,50,6399,10
1883,ACC_0883,145,3,6,30,3682,8
1884,ACC_0884,97,1,5,17,4117,9
1885,ACC_0885,38,0,1,10,1689,10
1886,ACC_0886,196,4,14,37,3889,6
1887,ACC_0887,658,18,33,101,8281,8
1888,ACC_0888,176,6,7,25,2997,16
1889,ACC_0889,31,0,2,4,1549,4
1890,ACC_0890,142,4,9,30,7672,9
1891,ACC_0891,61,0,2,7,4802,5
1892,ACC_0892,171,8,5,22,3052,14
1893,ACC_0893,137,2,3,23,2366,6
1894,ACC_0894,412,8,17,53,6168,12
1895,ACC_0895,146,5,7,25,2073,13
1896,ACC_0896,124,1,5,19,3835,6
1897,ACC_0897,81,0,4,0,2712,8
1898,ACC_0898,242,4,8,34,3032,8
1899,ACC_0899,78,3,4,10,3921,9
1900,ACC_0900,496,14,16,64,6926,10
1901,ACC_0901,118,1,6,21,1526,11
1902,ACC_0902,158,5,6,21,3832,10
1903,ACC_0903,84,2,0,15,4627,12
1904,ACC_0904,75,1,5,11,6153,8
1905,ACC_0905,302,8,18,44,4461,11
1906,ACC_0906,118,3,15,22,7592,7
1907,ACC_0907,357,15,28,59,6265,9
1908,ACC_0908,100,2,6,14,2814,11
1909,ACC_0909,53,1,6,6,4431,11
1910,ACC_0910,433,13,14,59,5748,6
1911,ACC_0911,163,4,8,21,4550,5
1912,ACC_0912,22,0,2,6,1024,8
1913,ACC_0913,124,0,5,15,3367,4
1914,ACC_0914,231,5,14,33,3287,7
1915,ACC_0915,88,3,3,15,3447,5
1916,ACC_0916,285,12,12,46,11471,6
1917,ACC_0917,142,3,6,18,2641,5
1918,ACC_0918,437,12,13,66,7736,6
1919,ACC_0919,138,4,5,16,2616,7
1920,ACC_0920,264,5,10,43,10829,5
1921,ACC_0921,150,4,9,16,5089,7
1922,ACC_0922,530,15,22,90,7503,6
1923,ACC_0923,401,9,31,49,7818,11
1924,ACC_0924,317,9,10,60,7984,12
1925,ACC_0925,809,25,36,133,11188,2
1926,ACC_0926,387,14,24,44,8875,6
1927,ACC_0927,225,9,12,36,5947,7
1928,ACC_0928,178,1,8,25,2650,12
1929,ACC_0929,0,5,6,21,3950,8
1930,ACC_0930,489,16,21,78,15089,3
1931,ACC_0931,289,15,7,0,4424,6
1932,ACC_0932,164,5,1,23,3444,5
1933,ACC_0933,165,3,7,19,2197,8
1934,ACC_0934,52,1,6,9,4071,5
1935,ACC_0935,35,1,3,1,3324,13
1936,ACC_0936,268,8,13,40,16147,6
1937,ACC_0937,340,0,16,61,6338,6
1938,ACC_0938,288,9,14,35,7555,7
1939,ACC_0939,122,1,3,24,1860,7
1940,ACC_0940,80,6,5,10,4524,6
1941,ACC_0941,134,4,2,28,5500,11
1942,ACC_0942,538,13,35,93,7194,5
1943,ACC_0943,78,4,3,12,4373,9
1944,ACC_0944,40,1,3,6,1563,6
1945,ACC_0945,195,8,12,28,4812,10
1946,ACC_0946,68,2,3,9,1250,3
1947,ACC_0947,107,0,6,23,1955,5
1948,ACC_0948,725,17,29,111,9930,9
1949,ACC_0949,268,8,10,43,9010,8
1950,ACC_0950,90,2,4,15,3932,9
1951,ACC_0951,277,6,14,47,5531,8
1952,ACC_0952,111,3,12,13,2907,9
1953,ACC_0953,138,5,3,23,2051,11
1954,ACC_0954,350,6,13,52,6353,6
1955,ACC_0955,115,2,3,19,3822,11
1956,ACC_0956,40,1,3,5,1366,10
1957,ACC_0957,128,8,10,12,1736,10
1958,ACC_0958,109,4,4,16,1765,10
1959,ACC_0959,182,9,10,25,2583,8
1960,ACC_0960,108,0,6,12,1547,8
1961,ACC_0961,125,5,2,23,2192,11
1962,ACC_0962,359,13,17,50,4663,8
1963,ACC_0963,173,11,9,28,4846,9
1964,ACC_0964,21,0,1,1,1194,10
1965,ACC_0965,50,1,0,7,893,8
1966,ACC_0966,103,4,5,20,6490,8
1967,ACC_0967,0,24,39,91,13814,13
1968,ACC_0968,134,2,4,16,1709,5
1969,ACC_0969,43,0,3,3,1813,3
1970,ACC_0970,100,6,2,21,2127,9
1971,ACC_0971,468,12,27,62,7841,9
1972,ACC_0972,357,0,16,55,9245,4
1973,ACC_0973,245,3,10,40,4556,4
1974,ACC_0974,495,16,34,83,12522,5
1975,ACC_0975,204,12,15,31,5527,10
1976,ACC_0976,132,4,4,18,3205,11
1977,ACC_0977,162,5,11,24,4719,9
1978,ACC_0978,384,9,14,66,6662,8
1979,ACC_0979,452,12,30,66,7669,5
1980,ACC_0980,62,6,1,9,2278,8
1981,ACC_0981,500,17,31,80,11079,13
1982,ACC_0982,370,11,15,78,6661,8
1983,ACC_0983,203,9,6,28,2696,13
1984,ACC_0984,299,8,14,48,7645,6
1985,ACC_0985,68,6,5,5,2081,7
1986,ACC_0986,228,9,10,25,3037,5
1987,ACC_0987,81,5,5,14,7560,4
1988,ACC_0988,262,10,18,30,8354,7
1989,ACC_0989,407,12,11,62,5747,12
1990,ACC_0990,33,0,1,2,2021,9
1991,ACC_0991,76,5,7,14,3326,5
1992,ACC_0992,136,5,5,16,3680,5
1993,ACC_0993,67,5,5,7,2606,7
1994,ACC_0994,172,4,6,20,3971,4
1995,ACC_0995,579,18,24,77,8092,12
1996,ACC_0996,304,9,14,46,6517,14
1997,ACC_0997,163,6,4,28,4737,11
1998,ACC_0998,457,19,23,69,6429,5
1999,ACC_0999,162,10,3,23,2183,10
2000,ACC_1000,205,7,15,35,5326,3
2001,ACC_1001,615,26,34,78,8823,9
2002,ACC_1002,197,5,8,27,4010,6
2003,ACC_1003,201,2,11,32,4557,13
2004,ACC_1004,121,5,9,17,4027,11
2005,ACC_1005,440,11,23,51,9758,8
2006,ACC_1006,757,18,39,109,14934,8
2007,ACC_1007,399,14,22,61,5216,11
2008,ACC_1008,22,0,2,1,2230,4
2009,ACC_1009,84,1,7,19,4725,4
2010,ACC_1010,674,25,33,92,12111,9
2011,ACC_1011,0,5,9,21,3768,6
2012,ACC_1012,240,15,9,36,5477,13
2013,ACC_1013,184,7,5,27,7800,7
2014,ACC_1014,258,8,8,39,3237,7
2015,ACC_1015,91,1,3,0,2234,9
2016,ACC_1016,177,5,11,23,6842,6
2017,ACC_1017,474,15,28,75,15864,6
2018,ACC_1018,65,2,3,11,1726,7
2019,ACC_1019,273,10,14,29,3725,8
2020,ACC_1020,692,20,31,99,10040,6
2021,ACC_1021,37,1,2,5,1595,6
2022,ACC_1022,1104,33,42,170,16201,6
2023,ACC_1023,219,6,8,30,4423,6
2024,ACC_1024,633,16,31,89,8069,6
2025,ACC_1025,33,0,3,3,504,8
2026,ACC_1026,79,1,3,16,1378,11
2027,ACC_1027,606,0,29,90,8685,7
2028,ACC_1028,351,7,15,55,4547,4
2029,ACC_1029,583,20,38,97,10608,7
2030,ACC_1030,187,6,7,35,4136,12
2031,ACC_1031,0,3,8,35,4772,6
2032,ACC_1032,1291,21,65,199,16822,13
2033,ACC_1033,137,6,4,23,5918,7
2034,ACC_1034,126,2,6,18,8358,12
2035,ACC_1035,56,3,4,8,1239,8
2036,ACC_1036,138,3,9,0,2315,4
2037,ACC_1037,134,2,10,17,4671,8
2038,ACC_1038,67,2,3,11,4626,10
2039,ACC_1039,324,15,16,36,6423,5
2040,ACC_1040,460,0,32,62,6849,10
2041,ACC_1041,270,11,13,36,5217,8
2042,ACC_1042,346,10,21,55,4677,14
2043,ACC_1043,359,13,20,45,4500,7
2044,ACC_1044,201,6,7,29,6628,6
2045,ACC_1045,436,0,27,64,5989,6
2046,ACC_1046,225,6,19,29,6795,6
2047,ACC_1047,1169,33,57,180,23416,10
2048,ACC_1048,100,4,9,17,2360,4
2049,ACC_1049,355,3,21,36,5525,7
2050,ACC_1050,305,7,12,46,8136,5
2051,ACC_1051,0,8,11,40,3714,9
2052,ACC_1052,25,1,1,5,2351,9
2053,ACC_1053,257,9,13,37,6753,6
2054,ACC_1054,376,18,23,60,6639,2
2055,ACC_1055,136,5,10,20,3657,13
2056,ACC_1056,57,2,6,10,3542,3
2057,ACC_1057,140,6,12,22,5455,5
2058,ACC_1058,78,4,0,9,6459,9
2059,ACC_1059,225,7,15,21,3487,10
2060,ACC_1060,90,4,7,16,1679,9
2061,ACC_1061,242,8,11,29,3453,5
2062,ACC_1062,191,7,13,21,5879,12
2063,ACC_1063,807,16,36,131,12748,8
2064,ACC_1064,75,1,3,8,3920,5
2065,ACC_1065,63,0,6,6,1009,9
2066,ACC_1066,174,8,9,0,2318,7
2067,ACC_1067,72,6,5,7,2097,9
2068,ACC_1068,75,2,6,12,4916,6
2069,ACC_1069,775,24,44,118,11072,8
2070,ACC_1070,388,15,21,0,11166,8
2071,ACC_1071,63,1,3,11,5487,11
2072,ACC_1072,150,2,4,18,1982,6
2073,ACC_1073,109,5,7,22,1701,13
2074,ACC_1074,141,3,5,20,1966,6
2075,ACC_1075,487,16,21,92,6899,7
2076,ACC_1076,122,5,6,25,2479,9
2077,ACC_1077,458,16,30,70,6849,9
2078,ACC_1078,638,19,37,96,8499,6
2079,ACC_1079,643,18,30,93,9237,8
2080,ACC_1080,150,0,6,26,12456,13
2081,ACC_1081,94,3,8,19,5831,6
2082,ACC_1082,0,0,11,24,4348,5
2083,ACC_1083,245,6,18,28,9608,8
2084,ACC_1084,89,5,1,13,2399,4
2085,ACC_1085,0,3,4,22,3112,7
2086,ACC_1086,334,11,19,33,4229,3
2087,ACC_1087,138,4,10,22,9934,9
2088,ACC_1088,53,3,1,14,3795,10
2089,ACC_1089,95,2,5,13,1556,14
2090,ACC_1090,249,9,10,43,3954,12
2091,ACC_1091,177,4,17,31,3083,10
2092,ACC_1092,109,3,3,16,3834,9
2093,ACC_1093,159,0,3,36,1605,7
2094,ACC_1094,106,5,7,9,3034,7
2095,ACC_1095,641,10,30,102,10163,8
2096,ACC_1096,228,4,8,34,4582,6
2097,ACC_1097,221,7,9,35,3185,11
2098,ACC_1098,160,2,8,14,5596,6
2099,ACC_1099,80,1,3,8,1850,4
2100,ACC_1100,1871,56,94,290,24101,4
2101,ACC_1101,57,1,2,9,3565,5
2102,ACC_1102,133,5,9,23,5000,8
2103,ACC_1103,159,0,10,26,5238,9
2104,ACC_1104,236,3,13,31,9873,4
2105,ACC_1105,167,4,9,31,4053,11
2106,ACC_1106,171,9,11,27,7759,5
2107,ACC_1107,359,21,13,56,7992,10
2108,ACC_1108,126,0,10,21,1957,3
2109,ACC_1109,402,11,18,0,7637,11
2110,ACC_1110,110,0,5,15,4001,9
2111,ACC_1111,642,16,29,98,8375,6
2112,ACC_1112,212,4,12,33,8636,6
2113,ACC_1113,376,11,17,49,8095,6
2114,ACC_1114,75,4,3,19,2005,7
2115,ACC_1115,328,10,14,54,8136,9
2116,ACC_1116,139,3,5,18,3168,9
2117,ACC_1117,297,7,17,56,9850,8
2118,ACC_1118,470,15,21,68,11326,7
2119,ACC_1119,50,2,2,9,3560,7
2120,ACC_1120,963,36,53,141,14171,10
2121,ACC_1121,448,19,11,63,6002,5
2122,ACC_1122,148,4,10,19,3847,9
2123,ACC_1123,414,12,15,42,6965,6
2124,ACC_1124,320,18,14,48,4534,13
2125,ACC_1125,76,1,2,6,7668,16
2126,ACC_1126,52,1,2,12,1465,10
2127,ACC_1127,144,7,9,16,7577,9
2128,ACC_1128,459,24,25,63,6925,10
2129,ACC_1129,226,6,13,33,7271,6
2130,ACC_1130,1339,31,60,186,16985,13
2131,ACC_1131,65,1,0,13,4585,6
2132,ACC_1132,300,10,10,56,5501,6
2133,ACC_1133,288,13,13,42,5012,11
2134,ACC_1134,470,10,34,87,6590,6
2135,ACC_1135,361,11,19,49,5731,6
2136,ACC_1136,126,3,5,23,4631,12
2137,ACC_1137,75,5,6,12,1010,5
2138,ACC_1138,70,2,6,9,6430,7
2139,ACC_1139,327,3,9,54,3704,6
2140,ACC_1140,381,13,26,62,6962,7
2141,ACC_1141,278,5,11,44,3870,11
2142,ACC_1142,482,0,22,75,15140,8
2143,ACC_1143,32,1,1,9,679,7
2144,ACC_1144,57,1,2,9,3309,5
2145,ACC_1145,117,6,9,18,4312,6
2146,ACC_1146,27,1,3,4,837,10
2147,ACC_1147,392,14,19,61,9861,13
2148,ACC_1148,158,5,6,26,7001,3
2149,ACC_1149,137,4,6,18,3176,10
2150,ACC_1150,282,9,20,51,3686,6
2151,ACC_1151,248,11,9,35,5397,10
2152,ACC_1152,289,12,12,42,4714,4
2153,ACC_1153,456,0,20,75,6086,14
2154,ACC_1154,67,2,3,6,5860,7
2155,ACC_1155,119,5,8,17,2684,12
2156,ACC_1156,207,5,11,35,8236,11
2157,ACC_1157,884,22,42,147,13986,10
2158,ACC_1158,72,1,6,9,1891,4
2159,ACC_1159,320,0,19,39,4629,13
2160,ACC_1160,20,2,1,2,1830,10
2161,ACC_1161,871,25,43,0,11342,11
2162,ACC_1162,453,6,25,77,11239,7
2163,ACC_1163,135,3,6,17,4967,9
2164,ACC_1164,300,5,11,39,4999,9
2165,ACC_1165,479,19,24,62,6501,7
2166,ACC_1166,0,22,44,123,13173,9
2167,ACC_1167,235,7,11,35,8247,14
2168,ACC_1168,173,9,4,37,4431,5
2169,ACC_1169,21,0,0,5,988,10
2170,ACC_1170,0,16,28,117,12604,10
2171,ACC_1171,133,3,6,15,6729,5
2172,ACC_1172,12,1,1,0,537,6
2173,ACC_1173,749,25,34,119,14138,13
2174,ACC_1174,55,1,3,8,1836,7
2175,ACC_1175,63,3,1,7,2313,12
2176,ACC_1176,190,5,11,24,6201,5
2177,ACC_1177,0,8,9,27,2785,6
2178,ACC_1178,117,4,8,15,3491,4
2179,ACC_1179,385,9,20,50,7614,4
2180,ACC_1180,267,11,11,37,11589,10
2181,ACC_1181,63,1,4,8,2102,5
2182,ACC_1182,157,3,12,31,7084,8
2183,ACC_1183,296,11,17,39,8871,8
2184,ACC_1184,79,2,7,12,4842,3
2185,ACC_1185,466,17,27,62,6792,10
2186,ACC_1186,317,11,10,51,4562,6
2187,ACC_1187,523,13,20,92,23791,8
2188,ACC_1188,84,1,4,7,2901,7
2189,ACC_1189,62,2,1,11,3572,9
2190,ACC_1190,80,2,2,12,7487,5
2191,ACC_1191,387,27,27,72,5604,7
2192,ACC_1192,290,7,9,51,7570,8
2193,ACC_1193,77,1,3,5,3251,6
2194,ACC_1194,370,9,18,67,5798,12
2195,ACC_1195,25,1,0,4,2179,5
2196,ACC_1196,104,5,4,22,6484,7
2197,ACC_1197,727,0,42,107,17118,12
2198,ACC_1198,309,9,13,47,6509,4
2199,ACC_1199,188,4,7,27,3854,12
2200,ACC_1200,753,25,42,0,14716,10
2201,ACC_1201,50,3,5,7,795,13
2202,ACC_1202,305,8,18,36,4042,7
2203,ACC_1203,119,7,7,16,8768,11
2204,ACC_1204,717,22,45,99,17107,8
2205,ACC_1205,445,14,27,63,7324,7
2206,ACC_1206,309,11,20,0,3927,7
2207,ACC_1207,62,1,4,12,1782,5
2208,ACC_1208,106,4,6,15,2444,6
2209,ACC_1209,86,3,4,16,5164,6
2210,ACC_1210,388,10,22,43,6659,10
2211,ACC_1211,28,0,2,3,1853,9
2212,ACC_1212,391,11,11,39,6215,8
2213,ACC_1213,461,11,22,70,10230,7
2214,ACC_1214,199,5,8,28,6799,5
2215,ACC_1215,172,7,11,23,2322,9
2216,ACC_1216,79,0,1,10,2600,8
2217,ACC_1217,611,21,31,81,13675,9
2218,ACC_1218,243,12,10,34,7928,13
2219,ACC_1219,94,2,7,18,3788,9
2220,ACC_1220,579,17,34,86,8547,11
2221,ACC_1221,464,15,17,64,9362,6
2222,ACC_1222,238,5,15,46,19082,5
2223,ACC_1223,32,1,3,5,1665,6
2224,ACC_1224,229,4,11,34,4536,4
2225,ACC_1225,93,3,4,14,3252,15
2226,ACC_1226,170,7,8,29,4211,10
2227,ACC_1227,474,8,19,74,7324,6
2228,ACC_1228,72,0,4,13,1231,7
2229,ACC_1229,221,0,6,19,10225,11
2230,ACC_1230,141,5,8,22,3119,8
2231,ACC_1231,59,2,6,9,3831,7
2232,ACC_1232,179,3,18,26,2332,5
2233,ACC_1233,608,17,30,98,10210,6
2234,ACC_1234,177,7,5,27,3881,7
2235,ACC_1235,239,8,13,42,4931,8
2236,ACC_1236,243,6,12,39,3534,3
2237,ACC_1237,478,11,21,87,7331,7
2238,ACC_1238,363,10,14,53,5632,6
2239,ACC_1239,23,1,0,0,2201,4
2240,ACC_1240,709,25,39,127,10016,14
2241,ACC_1241,156,4,3,17,6271,8
2242,ACC_1242,651,23,36,98,10118,8
2243,ACC_1243,0,6,11,35,6158,6
2244,ACC_1244,100,1,3,14,6504,13
2245,ACC_1245,114,6,6,21,3728,7
2246,ACC_1246,42,2,5,8,2606,4
2247,ACC_1247,309,13,21,40,5582,3
2248,ACC_1248,930,32,39,156,14568,11
2249,ACC_1249,420,13,18,68,10161,9
2250,ACC_1250,421,11,21,57,15363,3
2251,ACC_1251,85,3,7,16,1545,4
2252,ACC_1252,65,0,3,4,2934,15
2253,ACC_1253,63,4,1,11,3134,6
2254,ACC_1254,321,7,17,38,7593,3
2255,ACC_1255,0,5,4,7,1288,5
2256,ACC_1256,530,19,26,86,7309,8
2257,ACC_1257,222,6,7,21,4881,10
2258,ACC_1258,68,0,0,10,6105,13
2259,ACC_1259,116,2,5,20,2479,8
2260,ACC_1260,217,3,12,39,3625,10
2261,ACC_1261,186,8,12,29,3023,11
2262,ACC_1262,106,3,3,15,1710,8
2263,ACC_1263,253,7,13,31,5615,13
2264,ACC_1264,276,10,11,44,6597,6
2265,ACC_1265,280,5,9,27,4916,9
2266,ACC_1266,294,7,8,48,4266,7
2267,ACC_1267,374,14,0,66,17935,7
2268,ACC_1268,1757,41,77,283,25015,5
2269,ACC_1269,173,6,11,29,3429,10
2270,ACC_1270,497,17,25,88,8075,5
2271,ACC_1271,88,2,5,15,2364,8
2272,ACC_1272,379,11,22,63,5171,13
2273,ACC_1273,232,4,12,36,3332,9
2274,ACC_1274,80,5,6,12,3995,3
2275,ACC_1275,545,20,28,71,8062,6
2276,ACC_1276,991,31,48,0,13137,6
2277,ACC_1277,63,0,5,8,2382,11
2278,ACC_1278,186,5,4,25,4731,7
2279,ACC_1279,616,0,32,105,7968,8
2280,ACC_1280,382,11,16,46,9551,7
2281,ACC_1281,324,10,15,51,9451,5
2282,ACC_1282,110,2,5,16,1994,5
2283,ACC_1283,282,8,17,40,4092,12
2284,ACC_1284,416,0,18,61,15312,6
2285,ACC_1285,76,1,4,7,1746,6
2286,ACC_1286,375,0,25,54,4924,9
2287,ACC_1287,349,6,13,66,7276,7
2288,ACC_1288,276,10,11,43,3889,14
2289,ACC_1289,306,5,15,48,7070,5
2290,ACC_1290,312,8,10,45,7431,12
2291,ACC_1291,107,1,5,14,3980,9
2292,ACC_1292,167,3,7,0,6604,8
2293,ACC_1293,58,2,3,6,2641,5
2294,ACC_1294,211,4,8,23,3507,11
2295,ACC_1295,1194,41,56,174,15913,7
2296,ACC_1296,626,18,28,104,7983,9
2297,ACC_1297,138,4,10,28,3800,4
2298,ACC_1298,150,1,3,18,2888,8
2299,ACC_1299,606,19,24,87,7947,12
2300,ACC_1300,487,12,22,87,8527,7
2301,ACC_1301,141,1,9,17,6727,3
2302,ACC_1302,118,5,4,17,2617,7
2303,ACC_1303,418,16,26,57,7004,2
2304,ACC_1304,311,9,10,49,4452,12
2305,ACC_1305,1541,62,81,196,21002,4
2306,ACC_1306,261,5,16,33,4187,7
2307,ACC_1307,77,5,3,8,4032,6
2308,ACC_1308,223,8,12,25,3802,8
2309,ACC_1309,36,0,0,4,2482,3
2310,ACC_1310,694,23,24,111,10439,8
2311,ACC_1311,86,3,4,12,6933,2
2312,ACC_1312,175,4,8,28,2935,9
2313,ACC_1313,51,2,1,7,3538,7
2314,ACC_1314,23,0,3,3,2163,10
2315,ACC_1315,168,1,3,30,3879,7
2316,ACC_1316,89,2,5,14,2460,11
2317,ACC_1317,198,9,9,36,6931,7
2318,ACC_1318,466,15,22,77,6216,12
2319,ACC_1319,28,1,3,11,2679,5
2320,ACC_1320,264,4,13,45,7475,6
2321,ACC_1321,153,5,13,19,3345,5
2322,ACC_1322,293,8,16,39,5464,7
2323,ACC_1323,66,2,1,7,2447,8
2324,ACC_1324,94,0,2,15,1812,11
2325,ACC_1325,1921,53,96,278,58168,5
2326,ACC_1326,338,15,20,50,9874,7
2327,ACC_1327,786,37,46,121,10211,8
2328,ACC_1328,226,1,8,36,5504,6
2329,ACC_1329,22,2,2,4,1614,10
2330,ACC_1330,70,2,3,9,4737,10
2331,ACC_1331,567,9,27,105,8500,7
2332,ACC_1332,106,4,5,16,1347,9
2333,ACC_1333,701,19,30,111,9009,9
2334,ACC_1334,155,6,14,20,7550,8
2335,ACC_1335,633,15,29,89,12014,9
2336,ACC_1336,68,1,3,6,1672,3
2337,ACC_1337,240,4,11,28,4279,6
2338,ACC_1338,445,12,18,56,7646,3
2339,ACC_1339,221,6,15,45,3623,10
2340,ACC_1340,101,5,5,10,2480,9
2341,ACC_1341,374,12,16,64,7481,11
2342,ACC_1342,133,3,11,15,4316,9
2343,ACC_1343,282,4,19,41,7648,9
2344,ACC_1344,212,7,11,33,10127,10
2345,ACC_1345,206,2,12,23,3422,9
2346,ACC_1346,179,6,9,35,5726,7
2347,ACC_1347,90,2,7,16,5089,9
2348,ACC_1348,405,14,20,60,5626,5
2349,ACC_1349,459,17,16,69,6887,5
2350,ACC_1350,60,0,3,9,3642,7
2351,ACC_1351,1133,45,55,167,21553,7
2352,ACC_1352,208,8,15,25,2850,9
2353,ACC_1353,135,1,7,18,3751,3
2354,ACC_1354,138,6,5,20,5761,9
2355,ACC_1355,1485,36,66,224,19082,11
2356,ACC_1356,75,4,4,9,1138,12
2357,ACC_1357,613,0,43,91,8450,9
2358,ACC_1358,93,3,1,12,1754,9
2359,ACC_1359,320,11,12,53,5363,9
2360,ACC_1360,66,0,6,14,1495,12
2361,ACC_1361,121,5,6,26,2700,10
2362,ACC_1362,233,8,8,39,3451,6
2363,ACC_1363,283,4,11,34,4481,9
2364,ACC_1364,254,11,14,32,3596,10
2365,ACC_1365,195,4,14,28,4160,7
2366,ACC_1366,862,21,44,140,13229,5
2367,ACC_1367,106,1,6,0,6524,8
2368,ACC_1368,613,16,29,91,9492,11
2369,ACC_1369,85,3,4,15,2479,7
2370,ACC_1370,203,6,0,0,5630,8
2371,ACC_1371,215,6,14,43,3109,7
2372,ACC_1372,139,4,10,25,3808,8
2373,ACC_1373,145,6,3,30,2582,14
2374,ACC_1374,312,13,14,53,8240,6
2375,ACC_1375,124,4,6,17,6338,4
2376,ACC_1376,867,24,44,137,11028,1
2377,ACC_1377,65,2,3,8,3467,11
2378,ACC_1378,95,4,6,14,8846,6
2379,ACC_1379,299,12,11,0,7187,6
2380,ACC_1380,196,7,10,31,4657,7
2381,ACC_1381,1310,43,65,195,31303,11
2382,ACC_1382,36,2,0,7,3258,3
2383,ACC_1383,164,0,11,18,2655,9
2384,ACC_1384,276,9,11,28,3817,10
2385,ACC_1385,374,13,17,67,5286,15
2386,ACC_1386,103,2,1,16,2163,11
2387,ACC_1387,259,3,12,0,5050,4
2388,ACC_1388,319,0,23,47,6437,9
2389,ACC_1389,141,5,2,24,4942,10
2390,ACC_1390,381,7,30,49,5589,9
2391,ACC_1391,516,18,26,65,10722,10
2392,ACC_1392,331,10,12,65,6312,9
2393,ACC_1393,217,4,5,38,5185,11
2394,ACC_1394,302,15,19,26,5592,8
2395,ACC_1395,707,24,33,94,13495,9
2396,ACC_1396,304,8,19,36,22338,5
2397,ACC_1397,943,27,49,138,13283,7
2398,ACC_1398,93,1,3,0,9196,8
2399,ACC_1399,252,6,16,34,4514,12
2400,ACC_1400,42,2,3,2,3574,3
2401,ACC_1401,311,7,16,40,7598,6
2402,ACC_1402,206,9,8,36,4066,9
2403,ACC_1403,339,7,18,59,5382,12
2404,ACC_1404,367,10,19,47,4737,12
2405,ACC_1405,351,14,23,60,10391,4
2406,ACC_1406,489,18,20,81,7170,14
2407,ACC_1407,495,27,12,69,2775,13
2408,ACC_1408,465,14,17,78,21649,7
2409,ACC_1409,435,13,15,53,11847,8
2410,ACC_1410,91,4,8,11,6287,7
2411,ACC_1411,292,12,19,47,4085,6
2412,ACC_1412,113,3,2,23,4141,6
2413,ACC_1413,0,39,51,171,7782,10
2414,ACC_1414,180,2,7,17,3561,6
2415,ACC_1415,67,2,1,7,1148,12
2416,ACC_1416,285,6,12,37,4186,4
2417,ACC_1417,75,6,3,15,3407,13
2418,ACC_1418,279,12,13,28,6762,9
2419,ACC_1419,624,25,26,94,9445,9
2420,ACC_1420,141,3,7,26,2272,9
2421,ACC_1421,407,14,21,0,6805,7
2422,ACC_1422,210,4,16,34,3939,6
2423,ACC_1423,65,1,1,11,4507,6
2424,ACC_1424,159,3,5,20,2320,12
2425,ACC_1425,232,3,16,31,7466,8
2426,ACC_1426,306,8,25,51,5983,8
2427,ACC_1427,255,12,14,41,7917,11
2428,ACC_1428,156,0,12,21,2779,8
2429,ACC_1429,244,7,7,39,5393,4
2430,ACC_1430,731,31,38,108,9818,7
2431,ACC_1431,149,7,9,22,2972,9
2432,ACC_1432,116,3,5,22,5526,12
2433,ACC_1433,600,17,33,92,10710,8
2434,ACC_1434,501,30,21,54,4816,10
2435,ACC_1435,317,0,11,57,17411,5
2436,ACC_1436,46,5,2,12,3767,12
2437,ACC_1437,38,2,4,2,3190,11
2438,ACC_1438,171,2,13,26,2599,7
2439,ACC_1439,703,17,42,97,9601,9
2440,ACC_1440,840,22,35,145,12227,8
2441,ACC_1441,301,6,15,54,16873,10
2442,ACC_1442,113,6,10,12,4454,13
2443,ACC_1443,268,7,12,40,4246,10
2444,ACC_1444,49,0,2,3,2481,10
2445,ACC_1445,44,0,6,6,2182,7
2446,ACC_1446,0,3,4,13,2672,8
2447,ACC_1447,156,7,7,21,5587,10
2448,ACC_1448,390,0,15,78,4888,9
2449,ACC_1449,141,6,10,22,4970,4
2450,ACC_1450,211,13,16,27,4357,7
2451,ACC_1451,149,7,7,17,2987,7
2452,ACC_1452,311,12,15,57,4649,10
2453,ACC_1453,424,9,31,67,6751,4
2454,ACC_1454,399,11,16,62,8532,9
2455,ACC_1455,73,7,2,17,6441,9
2456,ACC_1456,164,6,12,25,3476,6
2457,ACC_1457,37,0,3,2,1252,9
2458,ACC_1458,264,12,21,36,1595,5
2459,ACC_1459,187,2,5,25,10205,7
2460,ACC_1460,137,9,11,0,1989,9
2461,ACC_1461,74,4,2,9,1854,11
2462,ACC_1462,160,3,9,31,9567,6
2463,ACC_1463,212,6,10,28,3844,9
2464,ACC_1464,179,7,17,27,2524,9
2465,ACC_1465,1385,37,60,0,23087,6
2466,ACC_1466,81,3,4,11,3254,11
2467,ACC_1467,42,1,2,13,2462,9
2468,ACC_1468,157,4,7,15,2650,8
2469,ACC_1469,63,2,3,14,4010,7
2470,ACC_1470,539,12,26,90,7555,6
2471,ACC_1471,786,23,31,145,10752,13
2472,ACC_1472,264,5,18,41,8270,10
2473,ACC_1473,642,21,30,100,17968,7
2474,ACC_1474,256,8,9,29,3615,7
2475,ACC_1475,221,7,14,26,5057,14
2476,ACC_1476,48,1,0,11,4589,3
2477,ACC_1477,178,7,2,32,6143,10
2478,ACC_1478,186,3,6,30,11820,3
2479,ACC_1479,104,9,7,13,3692,8
2480,ACC_1480,264,6,17,46,5921,7
2481,ACC_1481,88,1,3,11,1432,12
2482,ACC_1482,976,22,47,146,18319,12
2483,ACC_1483,232,1,10,29,5456,6
2484,ACC_1484,180,5,10,27,4055,7
2485,ACC_1485,227,10,8,29,3253,7
2486,ACC_1486,78,1,4,12,7693,13
2487,ACC_1487,48,1,6,5,1531,7
2488,ACC_1488,634,13,28,98,13578,9
2489,ACC_1489,147,7,7,18,2554,5
2490,ACC_1490,219,6,6,26,4687,13
2491,ACC_1491,425,19,24,62,5855,10
2492,ACC_1492,102,3,4,13,1999,10
2493,ACC_1493,0,4,9,16,1639,5
2494,ACC_1494,322,10,21,52,5807,6
2495,ACC_1495,363,20,16,60,6321,7
2496,ACC_1496,41,0,0,6,2852,5
2497,ACC_1497,92,4,5,8,4748,8
2498,ACC_1498,257,5,14,36,4099,7
2499,ACC_1499,327,5,20,51,4255,7
2500,ACC_1500,273,7,15,47,4161,9
2501,ACC_1501,176,4,9,24,7690,14
2502,ACC_1502,680,18,35,98,9103,4
2503,ACC_1503,22,0,1,7,2096,10
2504,ACC_1504,426,3,24,66,2667,3
2505,ACC_1505,59,1,0,12,3197,12
2506,ACC_1506,65,0,7,8,2981,7
2507,ACC_1507,365,10,26,54,6224,3
2508,ACC_1508,242,6,8,34,11543,6
2509,ACC_1509,177,4,8,31,5112,5
2510,ACC_1510,815,23,0,123,16522,7
2511,ACC_1511,27,0,2,4,1602,9
2512,ACC_1512,73,1,4,13,5761,8
2513,ACC_1513,60,4,2,13,2013,7
2514,ACC_1514,112,3,9,14,3489,5
2515,ACC_1515,305,11,12,55,11361,4
2516,ACC_1516,370,9,16,48,4817,5
2517,ACC_1517,353,14,15,52,14122,5
2518,ACC_1518,365,5,24,60,5535,6
2519,ACC_1519,213,5,10,35,5372,11
2520,ACC_1520,106,0,10,15,3922,9
2521,ACC_1521,230,11,7,36,4533,12
2522,ACC_1522,114,3,7,11,5456,7
2523,ACC_1523,234,2,11,28,17361,10
2524,ACC_1524,508,17,27,78,8393,8
2525,ACC_1525,126,2,9,18,1830,6
2526,ACC_1526,207,0,4,36,2967,3
2527,ACC_1527,186,7,10,0,2342,3
2528,ACC_1528,240,10,17,25,6329,9
2529,ACC_1529,132,2,4,20,7701,11
2530,ACC_1530,35,0,2,5,1370,6
2531,ACC_1531,112,1,5,19,2358,8
2532,ACC_1532,554,14,0,88,13041,5
2533,ACC_1533,434,19,29,74,6455,10
2534,ACC_1534,233,6,12,38,5349,10
2535,ACC_1535,144,6,4,19,3730,10
2536,ACC_1536,65,3,3,9,6158,9
2537,ACC_1537,267,7,17,40,3393,9
2538,ACC_1538,30,1,0,4,1752,9
2539,ACC_1539,298,6,20,42,5966,7
2540,ACC_1540,551,19,29,64,13362,10
2541,ACC_1541,191,10,11,18,5004,10
2542,ACC_1542,69,1,2,14,2897,11
2543,ACC_1543,445,12,28,75,7043,9
2544,ACC_1544,161,4,1,20,6533,8
2545,ACC_1545,144,3,5,20,7870,6
2546,ACC_1546,0,3,0,14,3784,10
2547,ACC_1547,101,4,8,16,4397,11
2548,ACC_1548,311,10,15,45,7081,11
2549,ACC_1549,96,4,5,20,2988,8
2550,ACC_1550,224,5,14,38,5886,16
2551,ACC_1551,633,10,32,104,13202,7
2552,ACC_1552,295,10,11,45,3746,8
2553,ACC_1553,126,4,5,21,2468,8
2554,ACC_1554,216,3,17,30,3978,7
2555,ACC_1555,77,3,3,10,1489,5
2556,ACC_1556,161,4,6,28,2215,11
2557,ACC_1557,186,3,11,28,5080,6
2558,ACC_1558,436,9,29,66,9347,11
2559,ACC_1559,681,24,37,90,9729,8
2560,ACC_1560,73,2,3,13,1678,10
2561,ACC_1561,267,6,16,53,3750,9
2562,ACC_1562,350,6,14,60,9547,10
2563,ACC_1563,100,4,5,18,1996,7
2564,ACC_1564,333,8,12,41,8627,7
2565,ACC_1565,112,6,8,21,2678,5
2566,ACC_1566,74,4,5,11,7056,13
2567,ACC_1567,45,1,1,9,1755,10
2568,ACC_1568,524,18,28,78,10489,7
2569,ACC_1569,305,9,13,41,4010,13
2570,ACC_1570,287,16,14,41,3879,14
2571,ACC_1571,163,7,9,24,2409,6
2572,ACC_1572,433,11,24,69,5639,12
2573,ACC_1573,530,15,31,83,7178,8
2574,ACC_1574,91,2,6,13,4804,8
2575,ACC_1575,184,4,11,35,2544,7
2576,ACC_1576,260,15,15,35,3642,7
2577,ACC_1577,142,2,5,20,4366,14
2578,ACC_1578,50,2,2,8,1858,9
2579,ACC_1579,130,6,8,21,9387,7
2580,ACC_1580,43,1,2,12,2730,9
2581,ACC_1581,288,8,21,48,4619,15
2582,ACC_1582,941,33,49,143,20728,9
2583,ACC_1583,88,3,5,16,3098,6
2584,ACC_1584,67,2,5,15,3172,11
2585,ACC_1585,240,8,9,43,4364,9
2586,ACC_1586,75,3,5,7,6662,5
2587,ACC_1587,163,9,7,27,2069,5
2588,ACC_1588,77,2,1,14,5769,9
2589,ACC_1589,125,3,5,13,8401,7
2590,ACC_1590,160,5,6,22,4583,10
2591,ACC_1591,139,1,4,14,5037,8
2592,ACC_1592,276,11,11,46,9544,8
2593,ACC_1593,73,2,0,18,4184,6
2594,ACC_1594,717,21,42,119,11540,4
2595,ACC_1595,135,2,6,23,7593,6
2596,ACC_1596,1097,35,51,167,30702,10
2597,ACC_1597,101,6,2,0,2671,3
2598,ACC_1598,0,7,17,47,3716,4
2599,ACC_1599,189,6,15,21,2465,14
2600,ACC_1600,668,20,33,93,11667,9
2601,ACC_1601,439,17,17,75,10009,9
2602,ACC_1602,126,5,4,14,2136,9
2603,ACC_1603,231,6,10,31,4430,12
2604,ACC_1604,411,11,0,59,16843,11
2605,ACC_1605,131,4,3,17,5686,6
2606,ACC_1606,584,22,27,91,20254,7
2607,ACC_1607,118,3,4,17,2010,7
2608,ACC_1608,146,2,7,26,1965,6
2609,ACC_1609,253,5,13,44,3651,5
2610,ACC_1610,94,7,3,14,2945,7
2611,ACC_1611,2217,78,117,336,11930,8
2612,ACC_1612,331,8,0,57,9474,8
2613,ACC_1613,916,37,40,154,16858,14
2614,ACC_1614,63,2,4,8,2508,5
2615,ACC_1615,208,7,13,32,3002,4
2616,ACC_1616,252,12,21,0,3666,7
2617,ACC_1617,104,3,8,20,3672,8
2618,ACC_1618,88,1,5,13,1884,2
2619,ACC_1619,281,5,10,47,6453,4
2620,ACC_1620,328,0,20,48,8957,5
2621,ACC_1621,356,8,17,55,10060,9
2622,ACC_1622,165,8,9,18,3438,5
2623,ACC_1623,285,8,16,42,9210,5
2624,ACC_1624,0,14,22,65,8211,12
2625,ACC_1625,129,2,8,0,9567,8
2626,ACC_1626,147,5,13,21,3683,13
2627,ACC_1627,1011,34,59,169,13710,10
2628,ACC_1628,231,8,10,46,3524,7
2629,ACC_1629,323,10,14,47,7747,5
2630,ACC_1630,17,1,0,3,1735,4
2631,ACC_1631,118,3,5,17,4144,6
2632,ACC_1632,146,4,11,25,3453,8
2633,ACC_1633,177,6,5,26,8317,6
2634,ACC_1634,246,9,9,36,4006,9
2635,ACC_1635,408,15,22,62,10995,16
2636,ACC_1636,108,4,7,18,1481,14
2637,ACC_1637,63,4,2,11,1906,9
2638,ACC_1638,91,5,4,13,5979,6
2639,ACC_1639,186,2,5,28,3044,7
2640,ACC_1640,505,15,31,74,6759,11
2641,ACC_1641,55,1,0,12,1141,15
2642,ACC_1642,120,5,6,20,2168,8
2643,ACC_1643,334,8,24,48,5801,7
2644,ACC_1644,113,3,7,10,4171,12
2645,ACC_1645,182,4,10,23,3971,5
2646,ACC_1646,156,1,10,30,2982,11
2647,ACC_1647,306,7,21,46,6687,6
2648,ACC_1648,574,23,26,72,8150,10
2649,ACC_1649,0,3,3,10,4913,8
2650,ACC_1650,116,4,9,31,5011,10
2651,ACC_1651,190,9,7,29,6178,6
2652,ACC_1652,479,16,18,64,7921,7
2653,ACC_1653,120,5,8,21,2468,10
2654,ACC_1654,131,5,5,16,3198,12
2655,ACC_1655,100,7,2,15,2448,7
2656,ACC_1656,1532,53,72,222,22050,8
2657,ACC_1657,125,1,0,27,1978,12
2658,ACC_1658,114,4,5,16,3598,6
2659,ACC_1659,179,2,6,0,3620,11
2660,ACC_1660,223,7,12,36,3163,4
2661,ACC_1661,100,1,8,22,7344,3
2662,ACC_1662,0,5,6,19,7933,10
2663,ACC_1663,70,2,7,10,1256,7
2664,ACC_1664,105,2,5,11,2298,6
2665,ACC_1665,124,5,9,14,2054,6
2666,ACC_1666,70,2,1,11,4604,12
2667,ACC_1667,135,5,3,18,5447,6
2668,ACC_1668,245,6,9,39,4910,7
2669,ACC_1669,495,14,22,69,7500,8
2670,ACC_1670,423,0,19,57,7713,7
2671,ACC_1671,517,12,26,92,9272,11
2672,ACC_1672,400,12,16,47,13489,8
2673,ACC_1673,158,2,10,25,2447,8
2674,ACC_1674,160,3,8,25,7814,9
2675,ACC_1675,550,19,26,66,9068,3
2676,ACC_1676,68,1,5,0,3873,7
2677,ACC_1677,201,6,13,25,2891,9
2678,ACC_1678,187,3,7,29,4855,5
2679,ACC_1679,37,0,2,5,3260,4
2680,ACC_1680,496,13,31,70,16297,12
2681,ACC_1681,2132,58,100,311,28398,10
2682,ACC_1682,661,26,38,108,8598,9
2683,ACC_1683,88,4,0,9,1804,11
2684,ACC_1684,55,1,1,5,3949,2
2685,ACC_1685,227,15,5,32,9234,11
2686,ACC_1686,230,6,14,43,5592,8
2687,ACC_1687,566,18,25,79,10203,9
2688,ACC_1688,173,6,10,23,3562,6
2689,ACC_1689,55,3,4,11,4299,8
2690,ACC_1690,225,7,12,40,3519,14
2691,ACC_1691,109,5,2,20,8615,5
2692,ACC_1692,111,2,6,18,2145,10
2693,ACC_1693,123,8,3,24,3121,11
2694,ACC_1694,124,6,7,16,5762,5
2695,ACC_1695,268,7,14,53,7743,6
2696,ACC_1696,136,6,11,13,4533,11
2697,ACC_1697,548,20,16,76,7808,10
2698,ACC_1698,0,0,2,4,3768,5
2699,ACC_1699,47,0,5,6,1858,12
2700,ACC_1700,225,6,16,0,3085,2
2701,ACC_1701,60,0,2,10,4893,11
2702,ACC_1702,204,10,0,29,9637,5
2703,ACC_1703,355,10,13,55,4994,12
2704,ACC_1704,396,15,9,56,6384,4
2705,ACC_1705,148,3,11,22,2922,12
2706,ACC_1706,134,5,7,14,2524,9
2707,ACC_1707,296,11,15,37,5766,6
2708,ACC_1708,361,9,23,59,10751,5
2709,ACC_1709,197,2,8,31,4329,12
2710,ACC_1710,481,10,21,66,6194,10
2711,ACC_1711,540,12,27,87,5736,5
2712,ACC_1712,117,3,6,19,4897,7
2713,ACC_1713,215,7,9,32,9628,13
2714,ACC_1714,85,2,5,15,5634,9
2715,ACC_1715,526,19,24,58,6657,10
2716,ACC_1716,256,8,8,40,9150,6
2717,ACC_1717,62,0,1,8,4508,6
2718,ACC_1718,67,1,4,13,2078,8
2719,ACC_1719,119,5,9,11,4106,10
2720,ACC_1720,127,0,7,23,2576,6
2721,ACC_1721,222,2,6,33,4050,16
2722,ACC_1722,332,11,20,47,4419,8
2723,ACC_1723,149,5,8,19,2025,6
2724,ACC_1724,344,10,18,44,7091,8
2725,ACC_1725,50,4,2,10,765,14
2726,ACC_1726,269,5,17,47,13770,8
2727,ACC_1727,303,12,17,49,4408,8
2728,ACC_1728,82,2,2,13,2545,11
2729,ACC_1729,933,24,54,143,13409,12
2730,ACC_1730,58,4,0,10,1480,10
2731,ACC_1731,480,14,25,76,7803,5
2732,ACC_1732,586,13,25,87,9179,4
2733,ACC_1733,175,7,13,31,2836,14
2734,ACC_1734,240,2,12,29,3686,9
2735,ACC_1735,46,3,1,6,1914,8
2736,ACC_1736,380,13,14,53,4837,7
2737,ACC_1737,274,6,14,36,9818,10
2738,ACC_1738,227,8,3,42,4342,7
2739,ACC_1739,1017,34,50,172,14816,10
2740,ACC_1740,56,4,4,8,777,9
2741,ACC_1741,205,5,8,29,2932,6
2742,ACC_1742,603,17,23,87,11577,9
2743,ACC_1743,0,4,10,26,3279,15
2744,ACC_1744,86,4,3,17,2464,14
2745,ACC_1745,111,2,5,13,2448,5
2746,ACC_1746,216,7,7,32,3983,6
2747,ACC_1747,259,8,13,46,3473,11
2748,ACC_1748,89,4,3,12,2771,6
2749,ACC_1749,181,3,9,26,7306,8
2750,ACC_1750,178,7,14,38,9720,7
2751,ACC_1751,107,6,3,19,2242,8
2752,ACC_1752,214,8,4,20,5710,12
2753,ACC_1753,140,4,2,22,3164,11
2754,ACC_1754,149,2,10,24,2930,8
2755,ACC_1755,233,5,9,38,3126,6
2756,ACC_1756,655,23,31,0,10555,5
2757,ACC_1757,253,8,18,30,4688,7
2758,ACC_1758,393,14,19,59,6877,9
2759,ACC_1759,65,0,6,7,1977,6
2760,ACC_1760,192,6,4,18,4060,8
2761,ACC_1761,565,14,26,77,11586,9
2762,ACC_1762,146,2,7,24,7413,8
2763,ACC_1763,229,9,12,30,3277,10
2764,ACC_1764,47,1,4,6,1332,2
2765,ACC_1765,87,2,3,13,1948,5
2766,ACC_1766,39,2,1,4,1576,9
2767,ACC_1767,207,7,11,30,9008,12
2768,ACC_1768,66,6,3,5,1894,8
2769,ACC_1769,140,5,6,22,3056,5
2770,ACC_1770,90,1,6,15,2071,7
2771,ACC_1771,247,10,9,39,5624,8
2772,ACC_1772,866,28,36,132,15092,10
2773,ACC_1773,371,11,18,47,4736,4
2774,ACC_1774,230,5,16,40,8267,4
2775,ACC_1775,142,3,4,22,5350,9
2776,ACC_1776,0,6,9,18,4792,4
2777,ACC_1777,174,5,5,23,15496,9
2778,ACC_1778,697,19,31,101,12991,9
2779,ACC_1779,155,5,10,31,10393,8
2780,ACC_1780,610,18,31,89,7815,8
2781,ACC_1781,210,5,14,20,8101,14
2782,ACC_1782,266,10,18,46,3539,10
2783,ACC_1783,350,14,21,49,9745,11
2784,ACC_1784,180,4,9,28,9752,11
2785,ACC_1785,293,5,17,30,3778,7
2786,ACC_1786,425,14,22,56,7804,9
2787,ACC_1787,415,10,13,63,5567,12
2788,ACC_1788,122,5,6,16,2279,5
2789,ACC_1789,279,14,18,38,22273,9
2790,ACC_1790,75,2,4,21,3944,12
2791,ACC_1791,532,11,25,93,13665,5
2792,ACC_1792,295,8,12,38,11022,5
2793,ACC_1793,68,1,2,12,4349,9
2794,ACC_1794,543,11,25,74,7117,8
2795,ACC_1795,157,6,7,24,4198,10
2796,ACC_1796,71,1,4,15,3605,10
2797,ACC_1797,77,2,5,12,2666,7
2798,ACC_1798,211,6,11,37,2734,11
2799,ACC_1799,422,14,24,52,10910,8
2800,ACC_1800,201,4,9,28,4140,14
2801,ACC_1801,97,4,5,16,1380,13
2802,ACC_1802,159,3,11,21,3790,6
2803,ACC_1803,89,3,9,16,2835,9
2804,ACC_1804,222,6,9,39,4719,10
2805,ACC_1805,80,2,1,12,1101,11
2806,ACC_1806,162,1,8,22,3237,4
2807,ACC_1807,48,0,2,10,2768,6
2808,ACC_1808,165,2,12,21,5097,6
2809,ACC_1809,215,9,12,0,8162,3
2810,ACC_1810,1327,41,51,209,37368,9
2811,ACC_1811,46,4,2,5,1770,3
2812,ACC_1812,60,0,3,0,1710,4
2813,ACC_1813,184,9,6,0,3804,9
2814,ACC_1814,77,4,3,15,1819,7
2815,ACC_1815,186,5,7,25,3586,9
2816,ACC_1816,723,31,48,101,13979,2
2817,ACC_1817,361,5,11,45,5932,7
2818,ACC_1818,84,2,3,12,2304,10
2819,ACC_1819,215,6,9,30,6705,9
2820,ACC_1820,696,23,32,124,9527,9
2821,ACC_1821,219,6,8,39,3012,11
2822,ACC_1822,173,6,15,24,2951,9
2823,ACC_1823,388,7,14,78,4857,8
2824,ACC_1824,164,8,5,0,14577,11
2825,ACC_1825,152,8,8,27,9004,8
2826,ACC_1826,172,0,10,18,5013,12
2827,ACC_1827,539,16,32,84,12246,9
2828,ACC_1828,128,7,5,15,1787,6
2829,ACC_1829,211,5,12,34,6564,8
2830,ACC_1830,147,3,9,23,2707,10
2831,ACC_1831,186,5,6,33,4007,8
2832,ACC_1832,136,8,6,14,7004,7
2833,ACC_1833,100,1,3,24,2490,12
2834,ACC_1834,556,14,19,100,9321,7
2835,ACC_1835,123,4,9,15,5928,7
2836,ACC_1836,616,18,38,98,13207,9
2837,ACC_1837,186,4,11,38,2654,9
2838,ACC_1838,393,12,21,48,2067,9
2839,ACC_1839,110,0,4,15,3355,11
2840,ACC_1840,429,14,25,60,5839,9
2841,ACC_1841,439,21,25,73,9683,7
2842,ACC_1842,104,4,9,6,4043,9
2843,ACC_1843,25,1,6,6,1235,13
2844,ACC_1844,151,6,8,0,2699,6
2845,ACC_1845,136,4,6,22,1845,8
2846,ACC_1846,113,6,2,22,2953,7
2847,ACC_1847,247,6,8,33,3426,8
2848,ACC_1848,119,5,9,22,1633,13
2849,ACC_1849,181,3,13,0,5695,10
2850,ACC_1850,39,1,1,8,1363,10
2851,ACC_1851,806,25,51,134,10765,6
2852,ACC_1852,51,3,4,8,2362,7
2853,ACC_1853,535,18,27,91,12010,9
2854,ACC_1854,215,4,14,31,7456,10
2855,ACC_1855,105,3,6,19,3289,10
2856,ACC_1856,188,5,11,29,8935,8
2857,ACC_1857,176,4,7,27,5946,8
2858,ACC_1858,670,0,26,91,13467,6
2859,ACC_1859,727,14,32,118,11702,6
2860,ACC_1860,108,3,5,13,7359,9
2861,ACC_1861,111,3,4,21,2127,7
2862,ACC_1862,206,12,11,29,3087,7
2863,ACC_1863,249,10,10,34,3837,15
2864,ACC_1864,209,12,9,30,4842,7
2865,ACC_1865,190,0,7,31,3671,8
2866,ACC_1866,0,11,28,65,10395,8
2867,ACC_1867,448,11,25,60,7702,7
2868,ACC_1868,69,3,4,9,2699,10
2869,ACC_1869,412,9,20,55,6040,6
2870,ACC_1870,76,4,3,13,7587,5
2871,ACC_1871,409,15,24,51,7376,6
2872,ACC_1872,111,3,3,19,4903,4
2873,ACC_1873,31,0,2,0,2349,6
2874,ACC_1874,325,6,18,0,5272,9
2875,ACC_1875,72,0,3,10,4833,5
2876,ACC_1876,337,7,18,37,5684,7
2877,ACC_1877,329,7,22,45,7567,7
2878,ACC_1878,84,2,6,8,5157,5
2879,ACC_1879,295,17,17,47,14213,9
2880,ACC_1880,518,13,17,84,8596,9
2881,ACC_1881,294,10,12,42,4590,10
2882,ACC_1882,207,8,10,24,12010,8
2883,ACC_1883,118,6,8,12,6136,10
2884,ACC_1884,442,10,23,72,19427,7
2885,ACC_1885,127,5,3,23,3423,7
2886,ACC_1886,125,2,8,18,4762,7
2887,ACC_1887,663,27,0,120,14498,7
2888,ACC_1888,10,1,1,1,872,6
2889,ACC_1889,43,0,2,9,3179,8
2890,ACC_1890,69,1,2,8,2320,9
2891,ACC_1891,79,2,0,14,2509,4
2892,ACC_1892,496,12,28,74,15725,3
2893,ACC_1893,51,0,3,10,4588,13
2894,ACC_1894,288,6,17,42,6118,8
2895,ACC_1895,45,3,1,9,3010,10
2896,ACC_1896,176,10,10,29,5667,6
2897,ACC_1897,337,11,13,54,4335,10
2898,ACC_1898,168,5,9,26,2273,12
2899,ACC_1899,340,10,15,51,4279,8
2900,ACC_1900,58,2,3,10,4799,5
2901,ACC_1901,208,6,7,31,4034,10
2902,ACC_1902,184,12,5,23,4298,6
2903,ACC_1903,376,12,24,64,7831,8
2904,ACC_1904,326,11,15,51,7475,6
2905,ACC_1905,513,11,32,86,10395,2
2906,ACC_1906,185,2,10,26,10447,7
2907,ACC_1907,176,7,9,29,3374,11
2908,ACC_1908,0,4,15,49,5017,12
2909,ACC_1909,138,10,1,22,2160,8
2910,ACC_1910,50,1,1,7,2373,7
2911,ACC_1911,197,3,9,29,4876,7
2912,ACC_1912,121,4,6,14,6056,12
2913,ACC_1913,1809,69,102,267,8607,12
2914,ACC_1914,379,11,16,55,6725,7
2915,ACC_1915,1942,48,85,282,25827,8
2916,ACC_1916,247,8,11,36,7055,12
2917,ACC_1917,394,8,25,56,5752,6
2918,ACC_1918,175,5,9,26,3382,7
2919,ACC_1919,67,4,0,12,1093,8
2920,ACC_1920,62,1,3,10,2416,16
2921,ACC_1921,314,13,9,42,5096,5
2922,ACC_1922,2026,56,110,296,26202,11
2923,ACC_1923,937,29,35,121,11744,11
2924,ACC_1924,352,10,27,44,5430,11
2925,ACC_1925,125,3,5,22,4591,13
2926,ACC_1926,347,10,8,52,7927,12
2927,ACC_1927,93,4,6,14,3124,6
2928,ACC_1928,73,0,1,9,2163,5
2929,ACC_1929,86,5,9,12,3981,6
2930,ACC_1930,142,6,7,21,5892,4
2931,ACC_1931,173,4,4,22,2889,4
2932,ACC_1932,369,20,15,60,5423,7
2933,ACC_1933,241,10,21,0,5916,9
2934,ACC_1934,70,3,9,8,2038,10
2935,ACC_1935,192,6,12,20,3365,5
2936,ACC_1936,490,14,26,68,6572,9
2937,ACC_1937,102,5,4,17,2067,8
2938,ACC_1938,1216,35,62,192,15334,7
2939,ACC_1939,59,1,5,0,1338,12
2940,ACC_1940,198,2,7,39,3379,7
2941,ACC_1941,145,4,9,30,10243,7
2942,ACC_1942,206,11,10,33,7134,4
2943,ACC_1943,58,2,1,7,1699,9
2944,ACC_1944,244,8,14,30,6477,10
2945,ACC_1945,1106,32,38,152,16952,10
2946,ACC_1946,558,13,23,84,12265,11
2947,ACC_1947,206,6,12,29,8902,5
2948,ACC_1948,231,2,9,28,3703,9
2949,ACC_1949,181,4,8,29,6852,8
2950,ACC_1950,43,2,4,7,3413,3
2951,ACC_1951,324,15,23,52,16288,8
2952,ACC_1952,135,7,4,16,2483,7
2953,ACC_1953,193,6,13,21,6700,2
2954,ACC_1954,88,4,5,11,2752,8
2955,ACC_1955,310,10,15,41,6593,10
2956,ACC_1956,137,4,5,0,2701,4
2957,ACC_1957,319,10,20,52,4799,7
2958,ACC_1958,250,8,14,52,11491,10
2959,ACC_1959,647,24,35,120,11367,7
2960,ACC_1960,138,3,3,27,2199,7
2961,ACC_1961,284,5,11,26,13288,8
2962,ACC_1962,449,8,16,0,6370,10
2963,ACC_1963,216,5,8,35,4489,12
2964,ACC_1964,374,14,20,59,5848,12
2965,ACC_1965,548,16,21,94,15420,9
2966,ACC_1966,234,9,7,27,4847,12
2967,ACC_1967,877,32,34,141,11742,14
2968,ACC_1968,538,11,29,79,11464,3
2969,ACC_1969,464,18,21,72,8926,7
2970,ACC_1970,284,16,11,34,4376,9
2971,ACC_1971,248,6,7,31,4025,7
2972,ACC_1972,82,2,3,14,4416,7
2973,ACC_1973,57,2,2,9,2531,8
2974,ACC_1974,221,5,7,34,4832,11
2975,ACC_1975,179,5,8,37,3136,6
2976,ACC_1976,309,11,26,44,4530,4
2977,ACC_1977,32,3,1,8,1620,7
2978,ACC_1978,205,0,11,28,3805,8
2979,ACC_1979,348,10,16,63,6747,5
2980,ACC_1980,212,7,9,31,7586,8
2981,ACC_1981,102,5,6,14,2894,5
2982,ACC_1982,0,27,47,119,17402,8
2983,ACC_1983,586,16,29,0,8273,10
2984,ACC_1984,64,1,2,7,1980,6
2985,ACC_1985,470,17,20,57,9308,12
2986,ACC_1986,41,2,1,6,2363,6
2987,ACC_1987,419,16,25,63,7152,5
2988,ACC_1988,338,7,14,55,4345,10
2989,ACC_1989,18,0,0,1,1647,11
2990,ACC_1990,261,8,13,44,3590,8
2991,ACC_1991,225,5,5,26,5550,5
2992,ACC_1992,89,2,8,12,4081,8
2993,ACC_1993,248,6,17,41,4020,18
2994,ACC_1994,302,6,14,54,4134,15
2995,ACC_1995,155,4,8,21,5104,9
2996,ACC_1996,310,14,16,46,8881,8
2997,ACC_1997,119,2,4,14,4017,9
2998,ACC_1998,731,18,29,123,10590,9
2999,ACC_1999,166,2,8,26,4354,9
3000,ACC_2000,230,10,10,39,3101,8
3001,ACC_2001,288,7,17,49,4905,12
3002,ACC_2002,56,1,3,8,2772,7
3003,ACC_2003,41,1,5,8,2317,8
3004,ACC_2004,1247,29,65,0,20062,9
3005,ACC_2005,173,3,5,26,3030,8
3006,ACC_2006,29,0,1,8,1102,7
3007,ACC_2007,0,1,2,16,4189,9
3008,ACC_2008,136,3,8,19,4803,3
3009,ACC_2009,138,2,7,21,5046,7
3010,ACC_2010,137,2,4,12,2399,10
3011,ACC_2011,144,4,7,23,6063,8
3012,ACC_2012,651,15,27,97,14806,6
3013,ACC_2013,379,11,20,52,6258,6
3014,ACC_2014,362,11,20,58,11208,10
3015,ACC_2015,159,2,9,17,4709,11
3016,ACC_2016,286,7,14,45,6141,3
3017,ACC_2017,101,3,6,13,3839,6
3018,ACC_2018,60,3,1,13,2824,10
3019,ACC_2019,827,19,46,113,11083,6
3020,ACC_2020,57,1,3,11,1188,4
3021,ACC_2021,126,3,6,17,3233,8
3022,ACC_2022,146,5,8,22,2963,9
3023,ACC_2023,359,10,12,55,5526,12
3024,ACC_2024,61,3,3,10,2424,3
3025,ACC_2025,76,0,1,12,5018,6
3026,ACC_2026,237,3,11,27,8612,12
3027,ACC_2027,57,3,2,9,2312,8
3028,ACC_2028,41,1,2,8,2640,4
3029,ACC_2029,249,0,14,35,5753,8
3030,ACC_2030,338,11,16,42,14626,8
3031,ACC_2031,463,15,30,62,6449,11
3032,ACC_2032,223,3,13,39,4579,9
3033,ACC_2033,219,10,11,34,6174,12
3034,ACC_2034,254,5,11,30,10511,5
3035,ACC_2035,120,5,8,16,5483,8
3036,ACC_2036,606,18,35,92,9498,4
3037,ACC_2037,309,12,11,44,4839,8
3038,ACC_2038,108,4,2,15,2018,7
3039,ACC_2039,985,29,36,145,12527,10
3040,ACC_2040,85,5,7,12,6649,7
3041,ACC_2041,254,9,7,43,5120,12
3042,ACC_2042,96,3,4,11,3105,8
3043,ACC_2043,158,7,7,22,5547,6
3044,ACC_2044,819,20,36,108,12638,11
3045,ACC_2045,90,7,4,9,4515,10
3046,ACC_2046,147,3,12,30,2934,9
3047,ACC_2047,110,1,7,16,1922,6
3048,ACC_2048,337,10,22,43,7389,8
3049,ACC_2049,78,3,2,11,1906,11
3050,ACC_2050,135,0,4,18,3085,11
3051,ACC_2051,0,2,5,11,4033,9
3052,ACC_2052,73,6,7,11,2298,13
3053,ACC_2053,111,5,3,26,3641,12
3054,ACC_2054,134,4,8,16,6188,6
3055,ACC_2055,442,10,27,66,8706,8
3056,ACC_2056,73,3,3,8,1419,13
3057,ACC_2057,122,4,6,16,4509,7
3058,ACC_2058,701,20,38,113,11541,7
3059,ACC_2059,100,2,5,11,1646,12
3060,ACC_2060,609,17,18,103,11677,13
3061,ACC_2061,442,16,20,72,9370,10
3062,ACC_2062,67,4,2,9,3631,7
3063,ACC_2063,330,5,17,56,8853,10
3064,ACC_2064,552,18,34,82,8050,6
3065,ACC_2065,118,2,7,15,1566,7
3066,ACC_2066,470,12,26,61,8486,10
3067,ACC_2067,357,11,19,53,5597,12
3068,ACC_2068,115,5,5,11,2968,6
3069,ACC_2069,110,4,2,19,8639,10
3070,ACC_2070,220,0,13,28,7302,6
3071,ACC_2071,437,14,19,57,7316,11
3072,ACC_2072,272,9,9,36,5132,9
3073,ACC_2073,274,8,15,50,3983,10
3074,ACC_2074,123,2,5,20,3865,9
3075,ACC_2075,453,17,23,65,8606,12
3076,ACC_2076,271,8,17,36,9059,9
3077,ACC_2077,530,19,36,79,10792,10
3078,ACC_2078,30,2,0,0,659,8
3079,ACC_2079,424,9,21,70,6393,12
3080,ACC_2080,44,0,3,3,2310,10
3081,ACC_2081,97,7,6,12,2704,10
3082,ACC_2082,160,5,1,28,3435,8
3083,ACC_2083,709,21,45,127,16343,7
3084,ACC_2084,72,0,3,15,1226,11
3085,ACC_2085,31,1,3,0,2253,10
3086,ACC_2086,247,9,14,38,4383,10
3087,ACC_2087,305,10,9,44,4920,11
3088,ACC_2088,673,26,0,101,19991,6
3089,ACC_2089,486,4,22,81,8119,5
3090,ACC_2090,174,4,10,35,5693,8
3091,ACC_2091,364,13,14,61,8727,6
3092,ACC_2092,321,10,16,48,9183,5
3093,ACC_2093,16,0,0,0,1008,11
3094,ACC_2094,96,4,7,14,2807,8
3095,ACC_2095,70,5,3,12,2595,6
3096,ACC_2096,466,14,26,94,6472,11
3097,ACC_2097,467,15,15,67,7678,7
3098,ACC_2098,537,20,35,73,22511,5
3099,ACC_2099,58,1,6,18,1166,11
3100,ACC_2100,580,22,28,87,8368,8
3101,ACC_2101,163,3,4,18,4298,8
3102,ACC_2102,341,9,12,52,6103,11
3103,ACC_2103,1018,41,46,162,15559,7
3104,ACC_2104,387,8,13,47,7277,8
3105,ACC_2105,82,1,3,11,4197,8
3106,ACC_2106,0,6,11,29,2966,6
3107,ACC_2107,659,22,38,104,11398,5
3108,ACC_2108,244,8,8,42,5856,12
3109,ACC_2109,257,11,15,36,6194,7
3110,ACC_2110,135,1,9,16,4674,7
3111,ACC_2111,77,4,1,15,3420,8
3112,ACC_2112,292,9,12,46,6606,7
3113,ACC_2113,65,0,2,9,3174,10
3114,ACC_2114,93,2,4,19,5348,6
3115,ACC_2115,0,19,33,110,9929,9
3116,ACC_2116,313,9,18,42,7322,9
3117,ACC_2117,142,2,7,21,4148,7
3118,ACC_2118,333,9,17,0,5800,8
3119,ACC_2119,203,4,8,28,5972,10
3120,ACC_2120,695,29,33,106,16690,6
3121,ACC_2121,56,1,3,0,1056,10
3122,ACC_2122,61,0,5,7,2086,6
3123,ACC_2123,384,13,23,47,5953,6
3124,ACC_2124,65,1,3,7,3352,13
3125,ACC_2125,1511,52,86,208,22697,8
3126,ACC_2126,97,1,3,16,4741,3
3127,ACC_2127,211,6,8,31,4802,13
3128,ACC_2128,556,0,39,0,7167,5
3129,ACC_2129,320,10,15,51,6045,6
3130,ACC_2130,0,5,8,31,5447,10
3131,ACC_2131,251,6,15,28,4986,7
3132,ACC_2132,77,0,3,10,4454,7
3133,ACC_2133,515,10,16,76,10143,9
3134,ACC_2134,172,5,7,27,3870,13
3135,ACC_2135,55,2,4,11,5060,4
3136,ACC_2136,343,7,16,0,16933,12
3137,ACC_2137,532,19,30,84,7956,9
3138,ACC_2138,357,11,14,59,5482,7
3139,ACC_2139,188,3,7,41,4022,9
3140,ACC_2140,91,4,7,17,2758,8
3141,ACC_2141,171,7,5,26,7856,6
3142,ACC_2142,147,4,6,26,5234,10
3143,ACC_2143,158,3,7,20,3997,16
3144,ACC_2144,102,1,5,23,1975,9
3145,ACC_2145,122,6,9,20,7049,9
3146,ACC_2146,832,28,57,123,11408,8
3147,ACC_2147,198,8,7,22,2681,6
3148,ACC_2148,463,17,21,72,7456,3
3149,ACC_2149,412,10,22,63,12827,10
3150,ACC_2150,97,4,3,10,2468,8
3151,ACC_2151,0,15,17,55,5558,6
3152,ACC_2152,149,8,10,24,4408,5
3153,ACC_2153,92,3,4,23,2748,12
3154,ACC_2154,129,3,0,18,2860,6
3155,ACC_2155,128,6,5,20,2317,9
3156,ACC_2156,153,5,12,21,2656,7
3157,ACC_2157,113,2,5,16,7620,5
3158,ACC_2158,690,18,33,96,16566,7
3159,ACC_2159,316,6,19,56,4865,4
3160,ACC_2160,385,13,18,55,5226,8
3161,ACC_2161,118,7,8,28,2665,7
3162,ACC_2162,206,9,5,0,2941,7
3163,ACC_2163,306,3,10,44,4697,11
3164,ACC_2164,79,2,9,17,2031,11
3165,ACC_2165,149,7,6,24,2633,7
3166,ACC_2166,153,1,0,21,3127,15
3167,ACC_2167,895,18,51,130,14490,9
3168,ACC_2168,98,3,0,19,2181,7
3169,ACC_2169,228,6,18,21,3996,7
3170,ACC_2170,119,4,6,17,8131,0
3171,ACC_2171,360,11,19,0,4524,13
3172,ACC_2172,186,6,14,25,8079,3
3173,ACC_2173,188,6,14,0,3185,5
3174,ACC_2174,326,10,18,47,5090,7
3175,ACC_2175,29,0,1,4,2058,10
3176,ACC_2176,273,0,7,34,4111,8
3177,ACC_2177,296,5,18,47,3986,11
3178,ACC_2178,838,25,46,122,13282,10
3179,ACC_2179,150,6,6,29,5525,7
3180,ACC_2180,394,15,15,63,7773,8
3181,ACC_2181,76,4,2,9,6655,3
3182,ACC_2182,113,4,2,15,4096,8
3183,ACC_2183,215,4,12,22,3467,8
3184,ACC_2184,116,4,6,14,2116,9
3185,ACC_2185,123,3,5,17,7201,12
3186,ACC_2186,303,0,18,49,4461,7
3187,ACC_2187,80,0,5,11,4824,6
3188,ACC_2188,412,16,29,41,5267,8
3189,ACC_2189,611,14,34,93,9064,11
3190,ACC_2190,85,1,3,14,2131,7
3191,ACC_2191,118,2,7,20,3169,9
3192,ACC_2192,176,9,15,33,3894,5
3193,ACC_2193,72,2,4,7,5769,8
3194,ACC_2194,30,1,3,2,2916,5
3195,ACC_2195,81,0,4,9,3484,6
3196,ACC_2196,179,4,10,29,5108,3
3197,ACC_2197,204,10,10,33,8591,8
3198,ACC_2198,94,3,5,11,4992,9
3199,ACC_2199,245,8,9,30,4238,10
3200,ACC_2200,114,5,3,17,1746,13
3201,ACC_2201,79,3,6,8,4720,4
3202,ACC_2202,364,10,20,54,9866,4
3203,ACC_2203,236,6,10,32,3179,5
3204,ACC_2204,695,26,31,136,13656,6
3205,ACC_2205,82,4,3,0,2843,7
3206,ACC_2206,471,17,26,70,9622,8
3207,ACC_2207,239,5,7,35,3828,8
3208,ACC_2208,137,4,5,32,4303,8
3209,ACC_2209,594,18,24,105,4366,7
3210,ACC_2210,50,2,1,9,1065,12
3211,ACC_2211,124,5,6,15,2485,7
3212,ACC_2212,175,6,5,22,4990,8
3213,ACC_2213,400,18,18,51,5113,4
3214,ACC_2214,588,18,24,84,3232,6
3215,ACC_2215,618,16,13,93,8774,8
3216,ACC_2216,500,13,29,68,9462,11
3217,ACC_2217,0,3,15,29,4619,6
3218,ACC_2218,158,2,14,18,3658,9
3219,ACC_2219,85,0,7,7,6464,3
3220,ACC_2220,117,4,6,12,4279,7
3221,ACC_2221,129,2,2,20,1671,6
3222,ACC_2222,70,4,2,10,4524,10
3223,ACC_2223,645,13,36,102,8323,6
3224,ACC_2224,213,3,5,26,7876,9
3225,ACC_2225,65,0,6,1,3091,3
3226,ACC_2226,66,2,6,3,1852,9
3227,ACC_2227,532,16,25,87,7591,7
3228,ACC_2228,315,10,19,46,4149,3
3229,ACC_2229,156,9,7,28,2394,11
3230,ACC_2230,159,4,9,27,4039,9
3231,ACC_2231,395,12,21,52,6447,7
3232,ACC_2232,746,32,41,120,10407,7
3233,ACC_2233,208,5,13,26,6140,4
3234,ACC_2234,290,15,11,43,4765,6
3235,ACC_2235,387,12,13,52,5337,7
3236,ACC_2236,619,25,37,96,11721,7
3237,ACC_2237,150,5,8,21,2808,9
3238,ACC_2238,61,2,4,11,3154,11
3239,ACC_2239,207,6,8,22,5891,8
3240,ACC_2240,59,0,6,10,5423,11
3241,ACC_2241,145,4,7,0,6909,8
3242,ACC_2242,0,29,40,127,11696,6
3243,ACC_2243,1230,36,54,177,22648,9
3244,ACC_2244,122,4,5,20,2987,3
3245,ACC_2245,20,0,0,3,1720,10
3246,ACC_2246,53,1,3,8,4996,8
3247,ACC_2247,81,1,0,13,5579,9
3248,ACC_2248,360,0,18,34,4516,5
3249,ACC_2249,241,10,8,31,3065,7
3250,ACC_2250,34,1,1,4,2979,15
3251,ACC_2251,158,3,8,30,2152,10
3252,ACC_2252,219,6,18,29,3400,8
3253,ACC_2253,63,2,2,6,6342,6
3254,ACC_2254,365,11,18,56,11655,3
3255,ACC_2255,129,2,5,24,3401,11
3256,ACC_2256,112,5,6,15,1617,7
3257,ACC_2257,1056,35,56,154,13707,9
3258,ACC_2258,136,4,8,23,1803,10
3259,ACC_2259,236,10,10,40,4110,6
3260,ACC_2260,540,19,22,93,6875,9
3261,ACC_2261,140,6,2,22,4147,4
3262,ACC_2262,367,13,22,47,6270,7
3263,ACC_2263,201,0,11,25,4256,8
3264,ACC_2264,155,0,13,24,3995,8
3265,ACC_2265,168,4,4,0,3186,7
3266,ACC_2266,275,8,17,30,20687,4
3267,ACC_2267,636,15,39,93,6448,6
3268,ACC_2268,224,4,15,36,10121,8
3269,ACC_2269,68,3,5,15,2166,11
3270,ACC_2270,55,4,3,10,3286,3
3271,ACC_2271,155,5,3,28,5031,11
3272,ACC_2272,80,3,4,14,5337,10
3273,ACC_2273,36,0,1,4,1959,6
3274,ACC_2274,308,11,22,51,4044,4
3275,ACC_2275,128,2,5,24,3740,8
3276,ACC_2276,684,22,33,107,10760,4
3277,ACC_2277,186,3,12,39,3455,7
3278,ACC_2278,140,8,9,20,4258,8
3279,ACC_2279,137,3,8,19,2403,9
3280,ACC_2280,455,15,27,67,8035,8
3281,ACC_2281,247,9,11,41,4093,9
3282,ACC_2282,126,2,2,21,4225,7
3283,ACC_2283,323,9,23,48,9607,11
3284,ACC_2284,59,1,6,8,3364,13
3285,ACC_2285,66,3,5,15,4608,6
3286,ACC_2286,68,3,1,12,3022,9
3287,ACC_2287,159,0,11,23,3873,17
3288,ACC_2288,473,10,32,63,6198,5
3289,ACC_2289,725,22,37,107,13334,9
3290,ACC_2290,37,1,2,6,1764,5
3291,ACC_2291,277,7,19,43,3950,8
3292,ACC_2292,238,9,0,37,9858,5
3293,ACC_2293,395,14,18,59,5280,9
3294,ACC_2294,1300,35,57,184,21523,11
3295,ACC_2295,150,8,11,20,4159,10
3296,ACC_2296,231,5,15,32,4921,8
3297,ACC_2297,272,5,19,35,6703,9
3298,ACC_2298,0,2,0,18,2878,11
3299,ACC_2299,187,7,7,0,7101,9
3300,ACC_2300,1178,33,0,194,21289,10
3301,ACC_2301,196,2,8,20,7343,9
3302,ACC_2302,27,1,1,6,915,9
3303,ACC_2303,253,16,15,33,3812,12
3304,ACC_2304,15,0,0,4,1025,5
3305,ACC_2305,75,1,4,12,1685,16
3306,ACC_2306,269,5,11,0,4285,4
3307,ACC_2307,235,0,11,23,3208,6
3308,ACC_2308,149,5,13,21,2999,8
3309,ACC_2309,123,0,6,15,1771,3
3310,ACC_2310,48,2,2,8,4043,10
3311,ACC_2311,118,8,9,19,2485,10
3312,ACC_2312,353,12,13,59,12751,8
3313,ACC_2313,454,16,16,64,5933,17
3314,ACC_2314,98,4,3,12,3600,10
3315,ACC_2315,267,9,10,42,6917,5
3316,ACC_2316,92,2,2,0,2320,11
3317,ACC_2317,45,4,4,7,3802,7
3318,ACC_2318,648,22,28,0,9728,6
3319,ACC_2319,654,35,38,89,17971,5
3320,ACC_2320,34,1,1,15,751,4
3321,ACC_2321,92,2,3,12,1304,12
3322,ACC_2322,82,1,6,16,3843,14
3323,ACC_2323,121,6,6,17,2651,3
3324,ACC_2324,166,3,6,27,7978,8
3325,ACC_2325,1272,40,60,176,17162,7
3326,ACC_2326,930,48,51,174,4362,4
3327,ACC_2327,399,13,16,52,7506,4
3328,ACC_2328,480,15,22,80,7192,7
3329,ACC_2329,36,1,1,0,1628,5
3330,ACC_2330,582,18,31,88,9535,10
3331,ACC_2331,141,4,6,19,3403,13
3332,ACC_2332,263,5,8,41,3445,7
3333,ACC_2333,120,9,8,21,4839,12
3334,ACC_2334,371,0,12,49,5525,7
3335,ACC_2335,60,1,3,10,3780,4
3336,ACC_2336,84,2,4,13,3970,4
3337,ACC_2337,140,0,7,24,4675,7
3338,ACC_2338,61,4,2,2,1094,6
3339,ACC_2339,242,6,8,40,3300,10
3340,ACC_2340,494,19,26,79,6823,6
3341,ACC_2341,532,25,21,81,11436,9
3342,ACC_2342,391,14,22,0,7626,8
3343,ACC_2343,429,18,24,30,3925,12
3344,ACC_2344,552,15,25,83,7148,9
3345,ACC_2345,243,6,15,32,5035,4
3346,ACC_2346,88,0,6,12,3959,11
3347,ACC_2347,338,11,16,55,5618,9
3348,ACC_2348,306,6,11,43,5130,9
3349,ACC_2349,350,11,18,54,5830,9
3350,ACC_2350,96,3,7,20,6890,9
3351,ACC_2351,109,4,4,9,3884,11
3352,ACC_2352,560,19,33,80,10233,5
3353,ACC_2353,324,11,16,53,8193,7
3354,ACC_2354,101,6,4,0,6256,8
3355,ACC_2355,120,3,6,20,2970,10
3356,ACC_2356,127,3,4,16,3420,6
3357,ACC_2357,124,3,3,21,4957,6
3358,ACC_2358,274,8,15,38,3819,6
3359,ACC_2359,86,6,5,11,2097,4
3360,ACC_2360,206,10,14,37,6094,5
3361,ACC_2361,185,4,15,29,2615,13
3362,ACC_2362,163,5,12,28,5139,3
3363,ACC_2363,272,14,19,41,5168,8
3364,ACC_2364,183,4,15,28,3855,13
3365,ACC_2365,175,5,11,34,3847,9
3366,ACC_2366,81,5,1,14,1143,14
3367,ACC_2367,200,6,14,20,5048,6
3368,ACC_2368,347,12,23,63,4367,11
3369,ACC_2369,25,1,0,3,1064,9
3370,ACC_2370,225,8,14,35,5574,9
3371,ACC_2371,395,13,20,53,9573,4
3372,ACC_2372,340,7,15,59,5556,11
3373,ACC_2373,275,11,18,48,5841,9
3374,ACC_2374,618,20,32,110,8139,7
3375,ACC_2375,0,34,56,158,16285,6
3376,ACC_2376,96,5,4,15,2582,6
3377,ACC_2377,110,7,6,13,5249,5
3378,ACC_2378,351,0,16,48,7048,8
3379,ACC_2379,632,16,29,105,8391,12
3380,ACC_2380,308,13,19,42,21312,1
3381,ACC_2381,89,2,5,7,2692,8
3382,ACC_2382,389,5,17,60,5835,3
3383,ACC_2383,126,2,7,19,2390,13
3384,ACC_2384,501,18,30,81,3054,11
3385,ACC_2385,76,4,3,13,3870,15
3386,ACC_2386,124,3,6,18,2724,10
3387,ACC_2387,18,1,0,1,1291,8
3388,ACC_2388,269,0,13,43,8849,4
3389,ACC_2389,455,11,23,75,10057,11
3390,ACC_2390,159,13,7,23,2171,9
3391,ACC_2391,155,3,8,29,3098,9
3392,ACC_2392,379,0,25,57,4935,10
3393,ACC_2393,127,5,9,22,1954,6
3394,ACC_2394,417,11,15,80,10120,11
3395,ACC_2395,367,14,12,63,5056,8
3396,ACC_2396,320,11,14,53,4218,7
3397,ACC_2397,662,16,38,106,9774,8
3398,ACC_2398,270,4,16,47,3542,8
3399,ACC_2399,162,5,9,20,5971,12
3400,ACC_2400,905,22,46,126,12951,8
3401,ACC_2401,99,1,6,13,4075,3
3402,ACC_2402,394,0,18,55,7857,7
3403,ACC_2403,220,8,16,31,2934,7
3404,ACC_2404,405,17,19,64,7618,4
3405,ACC_2405,139,5,4,23,4309,9
3406,ACC_2406,240,8,11,42,6919,6
3407,ACC_2407,237,3,3,21,3963,8
3408,ACC_2408,320,11,10,49,8688,7
3409,ACC_2409,114,1,4,20,5115,7
3410,ACC_2410,928,29,58,147,15893,6
3411,ACC_2411,106,4,8,14,2163,13
3412,ACC_2412,339,13,12,49,4594,9
3413,ACC_2413,169,7,8,30,4663,10
3414,ACC_2414,322,0,16,55,4375,5
3415,ACC_2415,435,3,0,73,11950,6
3416,ACC_2416,261,7,19,21,7170,11
3417,ACC_2417,319,9,11,47,4164,6
3418,ACC_2418,337,14,18,46,6017,8
3419,ACC_2419,137,6,7,20,6739,10
3420,ACC_2420,461,13,26,70,7977,10
3421,ACC_2421,81,3,2,19,1355,2
3422,ACC_2422,61,1,1,12,4514,10
3423,ACC_2423,458,24,21,68,7847,10
3424,ACC_2424,352,6,22,57,5613,14
3425,ACC_2425,150,2,3,27,6580,6
3426,ACC_2426,0,6,10,24,2747,12
3427,ACC_2427,1086,30,52,191,17008,6
3428,ACC_2428,313,6,17,41,6251,9
3429,ACC_2429,95,1,3,12,2841,14
3430,ACC_2430,102,3,5,12,3689,9
3431,ACC_2431,142,2,6,23,4534,8
3432,ACC_2432,108,2,4,13,1807,9
3433,ACC_2433,181,4,9,29,6155,7
3434,ACC_2434,730,20,41,102,9788,11
3435,ACC_2435,732,18,35,108,13547,8
3436,ACC_2436,527,14,35,64,8815,7
3437,ACC_2437,548,12,32,90,7804,5
3438,ACC_2438,1036,27,51,160,13635,3
3439,ACC_2439,101,5,5,10,1944,6
3440,ACC_2440,76,2,2,12,3423,3
3441,ACC_2441,33,4,3,6,1579,8
3442,ACC_2442,187,6,9,27,4308,7
3443,ACC_2443,96,6,5,7,1719,4
3444,ACC_2444,213,7,8,36,3613,14
3445,ACC_2445,287,9,13,46,6721,6
3446,ACC_2446,63,0,5,9,4548,4
3447,ACC_2447,2054,53,115,307,33278,8
3448,ACC_2448,248,7,6,30,4319,11
3449,ACC_2449,475,12,18,65,6432,7
3450,ACC_2450,102,2,3,10,7272,4
3451,ACC_2451,303,9,6,38,4387,11
3452,ACC_2452,80,1,4,9,3389,4
3453,ACC_2453,0,2,6,10,1395,8
3454,ACC_2454,80,4,9,15,1067,7
3455,ACC_2455,91,2,3,23,3107,9
3456,ACC_2456,115,5,12,18,2687,11
3457,ACC_2457,385,13,20,47,29085,7
3458,ACC_2458,723,36,30,108,3598,6
3459,ACC_2459,147,3,6,0,3268,8
3460,ACC_2460,0,8,22,41,8571,5
3461,ACC_2461,329,11,17,54,8681,8
3462,ACC_2462,547,16,30,72,7967,6
3463,ACC_2463,88,3,6,20,1650,9
3464,ACC_2464,31,0,4,6,1584,12
3465,ACC_2465,36,5,0,3,1921,8
3466,ACC_2466,155,3,10,31,4910,10
3467,ACC_2467,189,10,9,23,3429,7
3468,ACC_2468,97,3,4,16,1462,11
3469,ACC_2469,61,3,1,11,2579,1
3470,ACC_2470,300,6,18,39,7012,12
3471,ACC_2471,78,0,10,12,1182,14
3472,ACC_2472,179,3,10,41,4434,5
3473,ACC_2473,427,15,26,65,6725,7
3474,ACC_2474,1236,38,61,168,17844,7
3475,ACC_2475,174,6,17,19,4135,10
3476,ACC_2476,312,17,11,44,10991,8
3477,ACC_2477,236,6,7,42,3734,8
3478,ACC_2478,211,6,10,37,9235,3
3479,ACC_2479,488,17,24,73,11474,7
3480,ACC_2480,466,13,21,69,6162,5
3481,ACC_2481,177,4,11,24,2364,6
3482,ACC_2482,44,0,5,5,905,7
3483,ACC_2483,0,30,54,134,17840,4
3484,ACC_2484,222,8,13,36,6687,10
3485,ACC_2485,132,6,2,28,1705,9
3486,ACC_2486,247,10,8,46,4303,2
3487,ACC_2487,179,3,6,35,3008,9
3488,ACC_2488,62,0,2,12,2186,5
3489,ACC_2489,47,4,0,7,1715,8
3490,ACC_2490,311,11,13,38,4980,11
3491,ACC_2491,134,2,5,16,3465,7
3492,ACC_2492,192,3,7,17,5246,7
3493,ACC_2493,1375,38,58,216,30185,6
3494,ACC_2494,480,13,25,64,7596,6
3495,ACC_2495,452,16,18,71,7814,10
3496,ACC_2496,584,21,23,100,11168,9
3497,ACC_2497,924,23,43,124,11809,11
3498,ACC_2498,450,13,19,64,20908,8
3499,ACC_2499,190,6,6,37,5699,13
3500,ACC_2500,294,8,18,43,4718,7
3501,ACC_2501,396,16,19,52,11996,4
3502,ACC_2502,211,4,8,28,4752,7
3503,ACC_2503,278,7,13,41,10739,8
3504,ACC_2504,252,6,9,41,4830,9
3505,ACC_2505,169,6,5,25,5239,10
3506,ACC_2506,184,0,14,34,6464,9
3507,ACC_2507,14,0,3,2,1137,6
3508,ACC_2508,60,1,0,1,1375,7
3509,ACC_2509,218,9,10,33,11089,6
3510,ACC_2510,197,6,7,26,5154,8
3511,ACC_2511,150,6,9,16,2831,5
3512,ACC_2512,134,6,7,21,9509,6
3513,ACC_2513,348,14,13,48,7260,8
3514,ACC_2514,92,1,1,11,2830,6
3515,ACC_2515,124,3,3,0,5151,9
3516,ACC_2516,54,0,3,10,4542,6
3517,ACC_2517,245,8,10,40,4764,8
3518,ACC_2518,85,2,2,10,2702,7
3519,ACC_2519,1191,36,81,195,6287,5
3520,ACC_2520,221,2,12,38,9290,2
3521,ACC_2521,27,1,2,5,2174,7
3522,ACC_2522,304,4,14,52,5720,7
3523,ACC_2523,83,1,6,16,6440,8
3524,ACC_2524,829,28,51,122,17716,8
3525,ACC_2525,234,7,14,35,4872,9
3526,ACC_2526,194,5,16,0,4413,9
3527,ACC_2527,373,9,18,54,4722,7
3528,ACC_2528,33,0,3,0,2668,8
3529,ACC_2529,32,0,1,10,3091,10
3530,ACC_2530,49,3,2,3,3194,6
3531,ACC_2531,50,2,1,11,2815,6
3532,ACC_2532,164,7,11,29,2799,9
3533,ACC_2533,330,3,15,57,2422,10
3534,ACC_2534,109,2,3,19,1955,10
3535,ACC_2535,403,12,17,68,7694,8
3536,ACC_2536,150,6,5,20,3759,8
3537,ACC_2537,22,0,1,5,1960,6
3538,ACC_2538,47,1,1,9,2454,9
3539,ACC_2539,495,18,33,85,8942,9
3540,ACC_2540,258,15,6,42,6299,11
3541,ACC_2541,116,3,8,21,3091,7
3542,ACC_2542,441,9,15,78,5312,10
3543,ACC_2543,494,14,20,69,10342,7
3544,ACC_2544,397,9,32,69,6008,6
3545,ACC_2545,242,9,18,44,3094,10
3546,ACC_2546,162,3,6,25,3377,5
3547,ACC_2547,296,6,16,55,5550,5
3548,ACC_2548,69,0,5,10,3352,15
3549,ACC_2549,40,1,2,7,3967,6
3550,ACC_2550,258,10,17,40,3332,4
3551,ACC_2551,45,0,0,6,1068,5
3552,ACC_2552,399,10,25,0,9365,6
3553,ACC_2553,239,12,6,40,3259,7
3554,ACC_2554,186,3,16,28,4373,9
3555,ACC_2555,102,1,6,16,2136,13
3556,ACC_2556,312,2,15,34,7446,10
3557,ACC_2557,904,28,44,141,12780,11
3558,ACC_2558,190,6,11,23,3997,8
3559,ACC_2559,441,16,24,70,8970,7
3560,ACC_2560,71,4,3,4,1518,8
3561,ACC_2561,1331,44,77,206,19526,5
3562,ACC_2562,756,23,20,120,9453,5
3563,ACC_2563,79,2,0,8,7826,12
3564,ACC_2564,102,4,9,18,1414,7
3565,ACC_2565,303,11,18,45,4687,6
3566,ACC_2566,107,3,7,23,2789,9
3567,ACC_2567,53,3,2,6,1331,9
3568,ACC_2568,626,22,31,93,8190,7
3569,ACC_2569,70,1,9,12,3992,13
3570,ACC_2570,124,1,4,27,1697,8
3571,ACC_2571,106,2,6,0,2798,9
3572,ACC_2572,612,26,29,86,8035,6
3573,ACC_2573,185,7,8,21,5384,7
3574,ACC_2574,81,3,10,12,3092,10
